Image,Id
0010a672.jpg,new_whale
001259cc.jpg,new_whale
0015f9b4.jpg,w_3d66298
003be4bf.jpg,new_whale
0056000b.jpg,w_38a3f72
00944069.jpg,new_whale
00ae107b.jpg,new_whale
00b55e23.jpg,new_whale
00b75461.jpg,new_whale
00e957d5.jpg,new_whale
00f6144a.jpg,w_f03ca16
00fbb200.jpg,new_whale
01abfb64.jpg,new_whale
01dfcf78.jpg,new_whale
01e59a32.jpg,new_whale
01ea0d73.jpg,new_whale
01f62722.jpg,new_whale
0219526e.jpg,new_whale
021f07cc.jpg,new_whale
02555b2a.jpg,new_whale
0262da48.jpg,new_whale
0265f1cc.jpg,new_whale
027a214c.jpg,new_whale
02a30984.jpg,new_whale
02d1ea75.jpg,w_715d152
02ed2a9e.jpg,new_whale
02ed6104.jpg,new_whale
03292c72.jpg,new_whale
0372c7d4.jpg,new_whale
03acc8bc.jpg,new_whale
03b61d44.jpg,new_whale
03b77f05.jpg,new_whale
03ec3ef3.jpg,new_whale
03f9d82a.jpg,new_whale
041bf60e.jpg,new_whale
04342c48.jpg,w_ccfdb00
0439dff2.jpg,new_whale
045d7a31.jpg,new_whale
048512e2.jpg,new_whale
04a84b41.jpg,new_whale
04b0f138.jpg,new_whale
04daa8f0.jpg,w_abe383e
04e42b2c.jpg,w_7852bd1
04eaef5b.jpg,new_whale
04ffb75b.jpg,new_whale
050cfb88.jpg,new_whale
05143e63.jpg,new_whale
05268c81.jpg,new_whale
0563f85b.jpg,new_whale
0567973e.jpg,new_whale
058fc362.jpg,new_whale
05902160.jpg,new_whale
059c0d79.jpg,w_654a5bb
05a96a11.jpg,new_whale
05af4415.jpg,new_whale
05c524b5.jpg,new_whale
05c9f7a4.jpg,new_whale
05d0b6ae.jpg,new_whale
05d0f35c.jpg,new_whale
0615a20f.jpg,new_whale
062f56fa.jpg,new_whale
064035ba.jpg,new_whale
06470cc5.jpg,new_whale
065d4e20.jpg,new_whale
06b44689.jpg,new_whale
06bcc8dd.jpg,w_63d1ea6
06bcf1df.jpg,w_8397970
06d60841.jpg,new_whale
06e4483c.jpg,w_90ec71a
070837c1.jpg,new_whale
070a0cfd.jpg,w_ab6db0f
073da2c4.jpg,new_whale
07590976.jpg,new_whale
0760ec9a.jpg,new_whale
076ec2af.jpg,new_whale
0858b313.jpg,w_8d46cef
08a09b6c.jpg,new_whale
08abb450.jpg,w_8201aa8
08d41bb4.jpg,w_5cc2285
08e418d4.jpg,new_whale
08e8807c.jpg,w_b678944
090e4541.jpg,new_whale
091f2b44.jpg,w_ebe0ad5
0922c419.jpg,new_whale
09293d9b.jpg,w_6751cb2
092c1806.jpg,new_whale
0981277d.jpg,new_whale
09a22783.jpg,new_whale
09a64684.jpg,w_dfd7ee8
09ba935c.jpg,new_whale
09c75a4a.jpg,new_whale
09e9ce6b.jpg,new_whale
09fa633e.jpg,new_whale
0a1fd0be.jpg,new_whale
0a20f23f.jpg,new_whale
0a314203.jpg,new_whale
0a3839f2.jpg,new_whale
0a533e48.jpg,w_ffb4e3d
0a6ba1f6.jpg,new_whale
0a8b87d1.jpg,new_whale
0a8f7f34.jpg,new_whale
0abca545.jpg,new_whale
0ac52fa3.jpg,w_8201aa8
0adfe92f.jpg,new_whale
0ae759c5.jpg,new_whale
0b140b48.jpg,new_whale w_5a25156
0b2571ae.jpg,new_whale
0b2df48f.jpg,new_whale
0b651283.jpg,new_whale
0b777f25.jpg,new_whale
0b7cab35.jpg,new_whale
0b932fb0.jpg,new_whale
0ba30afe.jpg,new_whale
0bab5849.jpg,w_ceffa10
0bccef7f.jpg,new_whale
0c0d376e.jpg,new_whale
0cb48be9.jpg,new_whale
0d284201.jpg,new_whale
0d3b6ce1.jpg,new_whale
0d40929e.jpg,new_whale
0d587fa3.jpg,new_whale
0d74f3d8.jpg,new_whale
0d78b11d.jpg,new_whale
0d857529.jpg,w_36ac97f
0d8e2ba4.jpg,new_whale
0dc1225d.jpg,w_98baff9
0dcfb467.jpg,new_whale
0ddc742a.jpg,w_2832e90
0e2ad534.jpg,w_e594616
0e742427.jpg,new_whale
0e8e84c2.jpg,new_whale
0e987496.jpg,w_44cccf6
0e9fccf1.jpg,new_whale
0ea2bb36.jpg,new_whale
0eb3bb74.jpg,new_whale
0ec7c569.jpg,new_whale
0f3925a1.jpg,new_whale
0f3d5c5c.jpg,new_whale
0f6c1c30.jpg,new_whale
0f7683cc.jpg,new_whale
0f8c3b98.jpg,new_whale
0fa97b79.jpg,new_whale
0fb59390.jpg,new_whale
0fbb23bf.jpg,new_whale
0fdf1ece.jpg,new_whale
0fe65e6e.jpg,new_whale
0ffa069b.jpg,new_whale
102a0426.jpg,new_whale
103083e9.jpg,new_whale w_569c2c7
10371163.jpg,new_whale w_a4f77bd w_67599af
105d079b.jpg,new_whale
105f6623.jpg,new_whale
1066e573.jpg,new_whale
106aa440.jpg,new_whale
107d3a50.jpg,new_whale
10a0d727.jpg,w_17ee910
10aad456.jpg,new_whale w_a965f14
10b51090.jpg,new_whale
10bbd92f.jpg,new_whale
10dcdf16.jpg,new_whale
113128e0.jpg,new_whale
113e7dfe.jpg,w_56bbc91
11451b68.jpg,new_whale
114ffbd1.jpg,new_whale
11863943.jpg,w_a25d46c
11eb175d.jpg,new_whale
11f7e46f.jpg,w_b80a9c5
11f98a30.jpg,new_whale
1200cfb3.jpg,new_whale
124151ea.jpg,new_whale
1260200d.jpg,new_whale
1281321b.jpg,w_4a78bf2
12af79d5.jpg,new_whale
12d7126f.jpg,new_whale
12dd5c97.jpg,new_whale
12dfbcc6.jpg,new_whale
12f9e126.jpg,new_whale
1302cc35.jpg,new_whale
1314ce5d.jpg,new_whale
1332ffc0.jpg,new_whale
1334fb99.jpg,new_whale
1338f2db.jpg,w_e80641a
133aefa1.jpg,w_f8e6546
134291c9.jpg,new_whale
134d3460.jpg,new_whale
135e5729.jpg,new_whale
13806485.jpg,new_whale
13997993.jpg,new_whale
13dedeb0.jpg,new_whale
13ec8be0.jpg,new_whale
1404f523.jpg,new_whale
1419d98c.jpg,w_8a2e496
141aec1f.jpg,new_whale
1435a54c.jpg,new_whale
14385bcb.jpg,new_whale
1440bb27.jpg,new_whale
1474a2d3.jpg,new_whale
1475f39a.jpg,new_whale
148fdc45.jpg,new_whale
14ab5e1e.jpg,w_4fd48e7
14c312bc.jpg,new_whale
14e0c1dc.jpg,new_whale
14ece634.jpg,w_94e1ed4
150bc841.jpg,w_b942708
1520ffc7.jpg,new_whale
15409708.jpg,new_whale
156c2dda.jpg,new_whale
158e0072.jpg,new_whale
1596a1f0.jpg,w_bb2d34d
15a40594.jpg,new_whale
15db0c99.jpg,w_6e42b8e
15f5e1c4.jpg,new_whale
16149c0b.jpg,new_whale w_4a3032d w_6a7478d
16810b83.jpg,new_whale
16843cf1.jpg,w_2663598
16945d6b.jpg,new_whale
1698ac04.jpg,new_whale w_b066aa6
16c99a01.jpg,w_83a922d
16ef8d09.jpg,new_whale
1715920b.jpg,new_whale
1763ba00.jpg,new_whale
177e7550.jpg,new_whale
17b4dcca.jpg,new_whale
17cf60ef.jpg,new_whale
182178b2.jpg,new_whale
185e6e1b.jpg,new_whale
18aaa78c.jpg,new_whale
18c1aa0a.jpg,new_whale
18ce11fe.jpg,new_whale
1911ce66.jpg,new_whale
192c4621.jpg,new_whale
194e4fad.jpg,new_whale
196504d7.jpg,new_whale
199dd40a.jpg,new_whale
19ff4d32.jpg,new_whale
1a13df33.jpg,new_whale
1a238641.jpg,new_whale
1a301ffd.jpg,new_whale
1a3168fd.jpg,new_whale
1a67f39c.jpg,new_whale
1ae3c47f.jpg,new_whale
1af13c8e.jpg,w_d4eb9ed
1b08b573.jpg,w_dce3192
1b23c857.jpg,new_whale
1b29ff0d.jpg,new_whale
1b2afadf.jpg,w_8dcd784
1b416f77.jpg,w_d053be5
1b457332.jpg,new_whale
1b556f40.jpg,w_d35355e
1b6024c6.jpg,new_whale
1b6c015b.jpg,new_whale
1b7b7b44.jpg,new_whale
1b8beda6.jpg,new_whale
1b9a8e48.jpg,new_whale
1badad43.jpg,new_whale
1bd5166f.jpg,new_whale
1bfa38a3.jpg,new_whale
1c03d16f.jpg,new_whale
1c28e7c3.jpg,new_whale
1c2b8b90.jpg,new_whale
1c30a17d.jpg,new_whale w_ea2385d
1c87af2c.jpg,new_whale
1c9aee17.jpg,new_whale
1cc604e7.jpg,new_whale
1cc6f18e.jpg,new_whale
1cd387f8.jpg,new_whale
1ce01660.jpg,new_whale
1cf97f8e.jpg,new_whale
1d242b41.jpg,new_whale
1d2ff01b.jpg,new_whale
1d39b70f.jpg,new_whale
1d5f3229.jpg,new_whale w_436a924
1d6b0350.jpg,w_07abdff
1d816fdc.jpg,new_whale
1da43724.jpg,new_whale
1db6ca30.jpg,new_whale
1db91f26.jpg,new_whale
1dd1c749.jpg,new_whale
1df1f4b4.jpg,w_e17b0f1
1e020903.jpg,new_whale
1e16c678.jpg,new_whale
1e535c6a.jpg,new_whale
1ec0dac5.jpg,new_whale
1ec98915.jpg,new_whale
1ed5f7cd.jpg,new_whale
1ee31e37.jpg,new_whale
1f18a94c.jpg,new_whale
1f473961.jpg,w_9db9ef5
1f4825c9.jpg,new_whale
1f879b9a.jpg,new_whale
1f948638.jpg,new_whale
1fd7b370.jpg,new_whale
1fd7ec12.jpg,new_whale
1fd87a51.jpg,new_whale
1fe9493c.jpg,new_whale
2085e646.jpg,w_1431f4b
20e5e265.jpg,new_whale
20f3aaf0.jpg,new_whale
20fc4986.jpg,w_f6fb689
2109edab.jpg,new_whale
212ee428.jpg,new_whale
214ff4a3.jpg,new_whale
2157c589.jpg,new_whale
21664d38.jpg,new_whale
2177ad24.jpg,new_whale
217bf6b0.jpg,new_whale
2186d090.jpg,new_whale
21b0b37d.jpg,w_272259b
21b183a5.jpg,new_whale
21cc890e.jpg,new_whale
21d126b7.jpg,new_whale
21e5bfdd.jpg,new_whale
21f06ad9.jpg,new_whale
21f603f3.jpg,new_whale
21fc8959.jpg,new_whale
21fd286f.jpg,new_whale
222d6b05.jpg,new_whale
22388163.jpg,new_whale
22523e77.jpg,w_c2580ef
225e9d70.jpg,new_whale
227652fb.jpg,new_whale
22894516.jpg,new_whale
22b7d3ba.jpg,new_whale
22d6a8a6.jpg,new_whale
22f3d8da.jpg,w_c6be61e
2308d6f5.jpg,new_whale
230fdb86.jpg,new_whale
23115a8a.jpg,new_whale
23191510.jpg,new_whale
2319e2ad.jpg,new_whale
2324703b.jpg,new_whale
2332a848.jpg,new_whale
234f0d51.jpg,new_whale
234f268d.jpg,w_bc18612
23511b80.jpg,new_whale
23535a63.jpg,new_whale
238e636c.jpg,w_c027e4e
23903ed6.jpg,new_whale w_b066aa6
23d79d64.jpg,new_whale
23eeecf5.jpg,new_whale
23f3a671.jpg,new_whale
240d73bd.jpg,new_whale
241c117d.jpg,new_whale
242be406.jpg,new_whale
2430126b.jpg,new_whale
243ef9d5.jpg,new_whale
243f8006.jpg,new_whale
24665e7e.jpg,new_whale
248cf0d7.jpg,new_whale
24c17b2b.jpg,w_ae07541
24c40df1.jpg,new_whale
24cd5213.jpg,w_3063bf4
24d3a770.jpg,w_1596a47 w_cd70e8b
24d7884a.jpg,new_whale
24f104d8.jpg,new_whale
250165f9.jpg,w_8e4abc9
2503363c.jpg,new_whale w_7dee51b
25360103.jpg,new_whale
253dfaac.jpg,new_whale
2585ea9c.jpg,new_whale
2589ac43.jpg,new_whale
25a8caed.jpg,new_whale
25cd4c85.jpg,new_whale
25d162d5.jpg,new_whale
25d68d67.jpg,new_whale
25e08768.jpg,new_whale
25e691ed.jpg,w_7e8b270
25fe2d30.jpg,new_whale
261b1928.jpg,new_whale
263c81f7.jpg,w_6af9dd7
265a2993.jpg,new_whale
2671b02a.jpg,new_whale
2687ee97.jpg,new_whale
2688d1af.jpg,new_whale
26a7661a.jpg,new_whale
26d6614e.jpg,new_whale
26f96663.jpg,new_whale
27027cf8.jpg,w_78f2e92
2707b872.jpg,new_whale
27258acc.jpg,new_whale
27299d35.jpg,new_whale
27531d64.jpg,new_whale w_c2474a2
2755f76d.jpg,new_whale
2758fdf7.jpg,new_whale
2773826d.jpg,new_whale
277c9c4f.jpg,new_whale
278546a0.jpg,new_whale
278ccbbe.jpg,new_whale
27972adb.jpg,new_whale
27b688e4.jpg,w_d0b3293
27bc9487.jpg,new_whale
27cf62f2.jpg,new_whale
27d50099.jpg,new_whale
28410ac2.jpg,new_whale
284e1e46.jpg,new_whale
28619df1.jpg,new_whale
287d564b.jpg,w_a2a1378
2887b7e2.jpg,new_whale
289bca65.jpg,new_whale
28d413e8.jpg,new_whale
28d4e63b.jpg,new_whale
28e2e451.jpg,new_whale
28e4bb22.jpg,w_f37508c
2924fa98.jpg,w_02facde
2928c67b.jpg,new_whale
293979c2.jpg,new_whale
294d48a0.jpg,new_whale
295fd3ca.jpg,new_whale
297991be.jpg,new_whale
297e6eb0.jpg,w_e3b3ade
29833462.jpg,new_whale
29d1a25f.jpg,new_whale
29db5a1f.jpg,new_whale
29fe8405.jpg,new_whale
2a220447.jpg,new_whale
2a32948b.jpg,new_whale
2a45c36e.jpg,new_whale
2a48561b.jpg,w_2dae424
2a7c966e.jpg,new_whale
2a83f0d4.jpg,new_whale
2a9b8f29.jpg,w_6734e40
2aa18806.jpg,new_whale
2abac975.jpg,w_19e5d10
2ac1622d.jpg,new_whale
2b035e10.jpg,new_whale
2b200397.jpg,new_whale
2b2e2df4.jpg,new_whale w_1eafe46
2b401dea.jpg,new_whale
2b441e8d.jpg,w_4c8e7ae
2b733456.jpg,new_whale
2b7c1563.jpg,new_whale
2b8c566c.jpg,new_whale
2b9330e8.jpg,new_whale
2bb18977.jpg,new_whale
2bfb6ab2.jpg,new_whale
2bfb8f52.jpg,new_whale
2c338f60.jpg,new_whale
2c5ac564.jpg,new_whale
2c648f93.jpg,w_4fd48e7
2c7128f8.jpg,w_a2564cf
2c83cb46.jpg,new_whale
2c916f39.jpg,new_whale
2ca0554b.jpg,new_whale
2ca4931a.jpg,new_whale
2cae06a7.jpg,new_whale
2cc3fc9c.jpg,new_whale
2ce5e609.jpg,new_whale
2d1cebfd.jpg,new_whale
2d37d22e.jpg,new_whale
2d387a21.jpg,w_2d99a0c
2d5337f3.jpg,new_whale
2d5d5861.jpg,new_whale
2d85bd92.jpg,w_2bb8c37
2dc43404.jpg,new_whale
2ddbc975.jpg,new_whale
2de08238.jpg,new_whale
2df079aa.jpg,w_c1b685f
2e08d6c6.jpg,new_whale
2e2a8437.jpg,new_whale
2e382672.jpg,new_whale
2e8ac6be.jpg,new_whale
2ea73a91.jpg,new_whale w_4a3032d
2eaa2dfa.jpg,w_7763134
2ead2f18.jpg,new_whale
2ee62576.jpg,new_whale
2eeba64d.jpg,new_whale
2ef3ee1f.jpg,w_ed69e9c
2f028d0b.jpg,new_whale
2f17b9ca.jpg,new_whale
2f19b5fd.jpg,new_whale
2f1cf14d.jpg,w_b75f378
2f3f5bfe.jpg,new_whale
2f417e43.jpg,new_whale
2f42c740.jpg,new_whale
2f4e846d.jpg,new_whale
2f59bd3b.jpg,new_whale
2f5c9417.jpg,new_whale
2f7e7520.jpg,new_whale
2f95324f.jpg,new_whale
2f9a6faf.jpg,new_whale
2fadafcf.jpg,new_whale
2fb49309.jpg,new_whale
2fbc5f84.jpg,new_whale
2fcdc2f1.jpg,new_whale
2feda9f8.jpg,new_whale
30003e7a.jpg,w_ab4cae2
30055835.jpg,new_whale
303d40a9.jpg,new_whale
3072fc8c.jpg,new_whale
307bed72.jpg,new_whale
308fce08.jpg,new_whale
30903c83.jpg,new_whale
30ad5cbe.jpg,w_d141590
30b20387.jpg,w_339c8ae
30b2ec79.jpg,new_whale
30b6aee4.jpg,new_whale
30c10ee8.jpg,new_whale
30d250ef.jpg,new_whale
30ef2bea.jpg,new_whale
31003be5.jpg,new_whale
3132b00a.jpg,new_whale
31722bf6.jpg,new_whale
318cb36e.jpg,new_whale
3197f239.jpg,new_whale
32431f4d.jpg,new_whale
3247679c.jpg,new_whale
32515901.jpg,new_whale
32600db4.jpg,new_whale
326bc3bb.jpg,new_whale
3273f6a7.jpg,w_6c899ff
3290964c.jpg,new_whale
32aae7d2.jpg,new_whale
32bbf0fc.jpg,new_whale
32bff2a4.jpg,w_c390258
32d0371c.jpg,new_whale
32d4c31a.jpg,new_whale
3309f0bf.jpg,new_whale
330feca2.jpg,new_whale
33231939.jpg,new_whale
3326b8d2.jpg,new_whale
3329cc81.jpg,w_e126028
3348dc58.jpg,new_whale
338da70d.jpg,new_whale
34327e0f.jpg,new_whale
3439c66b.jpg,w_f4e84c1
343e90f9.jpg,new_whale
3458ed4c.jpg,new_whale
346eeccb.jpg,new_whale
347b3b42.jpg,new_whale
347f5a23.jpg,new_whale
3491a162.jpg,new_whale
34955fa5.jpg,new_whale
34a26c98.jpg,new_whale
34ab510e.jpg,w_960b6f0
34cacd57.jpg,new_whale
34ede78f.jpg,new_whale
34f9545c.jpg,new_whale
34fe1dd8.jpg,new_whale
3506ec9a.jpg,new_whale
350902a4.jpg,new_whale
350f48c1.jpg,new_whale
351fbe02.jpg,new_whale
3565057d.jpg,new_whale
356cc5ac.jpg,new_whale w_33e0287
358e6bd0.jpg,new_whale
3593f9a9.jpg,w_74011a2
3594979d.jpg,new_whale
35b3c50f.jpg,new_whale
35cb667d.jpg,new_whale
35eaaf1e.jpg,new_whale
35fce87b.jpg,w_28ce17c
36094460.jpg,new_whale
364030ef.jpg,w_cc3a724
366d339a.jpg,w_2ac83b0
366d957d.jpg,new_whale
369046b4.jpg,new_whale
36aedbdd.jpg,new_whale
36c4ef34.jpg,new_whale
36d702e1.jpg,w_7c943ab w_b066aa6
36ef201f.jpg,new_whale
372b361b.jpg,new_whale
372efa9e.jpg,new_whale
3754762b.jpg,new_whale
3754ffd7.jpg,w_efe57c7
37624031.jpg,new_whale
3763c119.jpg,new_whale
377d8739.jpg,new_whale
37914615.jpg,new_whale
379f8d88.jpg,new_whale
37a01af7.jpg,new_whale
37dc6751.jpg,new_whale
384f294a.jpg,new_whale
38a07ee9.jpg,new_whale
38a2a5c3.jpg,w_3af4e73
38a69f01.jpg,w_f4fc8cc
38b9cfba.jpg,new_whale
38d34ca2.jpg,new_whale
3900aa64.jpg,w_c103b25
3905b47d.jpg,new_whale
3913d3b7.jpg,new_whale
395b47a3.jpg,new_whale
395e5c1f.jpg,new_whale
39819ab7.jpg,new_whale
398cff47.jpg,new_whale
39a55c00.jpg,new_whale
39b18676.jpg,new_whale
39d565bc.jpg,new_whale
39e328e5.jpg,new_whale
3a152628.jpg,new_whale
3a2310b3.jpg,new_whale
3a3d5f88.jpg,new_whale
3a476992.jpg,new_whale
3a519ffa.jpg,new_whale
3a619665.jpg,new_whale
3a7b3f95.jpg,new_whale
3a986cd6.jpg,w_d1bbde9
3ad46aec.jpg,new_whale
3b01fac5.jpg,new_whale
3b085916.jpg,new_whale
3b429cf2.jpg,new_whale
3b54ee91.jpg,new_whale
3b54f368.jpg,w_3cbccb7
3b58148d.jpg,new_whale
3b5acee1.jpg,new_whale
3b682f63.jpg,w_06dbe6b
3b7da8ed.jpg,new_whale
3b9f958f.jpg,new_whale
3ba3fb5e.jpg,new_whale
3bcea5eb.jpg,new_whale
3be626ef.jpg,new_whale
3be6b3c0.jpg,new_whale
3c01bad3.jpg,new_whale
3c0d9b71.jpg,new_whale
3c1f2a3a.jpg,new_whale
3c1f6b1b.jpg,new_whale
3c312fb9.jpg,new_whale
3c8062ab.jpg,new_whale
3c8ea78b.jpg,new_whale
3cbdcb9b.jpg,new_whale
3cc1cd49.jpg,new_whale
3ce5449a.jpg,new_whale
3d3a7267.jpg,new_whale
3d7d664b.jpg,w_338b130
3d93dfcb.jpg,new_whale
3d9c1c1c.jpg,new_whale
3db2d351.jpg,new_whale
3dce8c69.jpg,new_whale
3dd77d20.jpg,new_whale
3df1a3d9.jpg,new_whale
3e06b842.jpg,new_whale
3e36720e.jpg,new_whale
3e3c956d.jpg,new_whale w_d9055d1
3e4bfcb2.jpg,new_whale
3e4f6f85.jpg,new_whale
3e89ea79.jpg,new_whale
3e9930ef.jpg,new_whale
3edfb3ac.jpg,new_whale
3ef9e313.jpg,new_whale
3f1a9fa0.jpg,new_whale
3f5e0ae7.jpg,new_whale
3f6e6380.jpg,new_whale
3f794b35.jpg,new_whale
3f80e7ed.jpg,new_whale
3f8c46b3.jpg,new_whale
3f919cbc.jpg,new_whale
3f993cb6.jpg,new_whale
3fb2b62d.jpg,new_whale
3fb49113.jpg,new_whale
3fb88d12.jpg,new_whale
3fe65c2e.jpg,new_whale
3ff016bd.jpg,w_d19a884
3ff4bda5.jpg,new_whale
4006a5c7.jpg,new_whale
4032812c.jpg,new_whale
40391340.jpg,new_whale
404d9a9a.jpg,new_whale
408ccf48.jpg,w_1da7080
409647a9.jpg,new_whale
40a16009.jpg,new_whale
40a34b23.jpg,new_whale
40b5358b.jpg,new_whale
40b94983.jpg,new_whale
40bd0215.jpg,new_whale
40bdf228.jpg,new_whale
40c1e233.jpg,new_whale
40d7001d.jpg,new_whale
40db0642.jpg,new_whale
40e30541.jpg,new_whale
40e828bf.jpg,new_whale
40f443c1.jpg,new_whale
40fd1339.jpg,w_1287fbc
4104e6d9.jpg,new_whale w_e7f8e67
41192293.jpg,new_whale
411c897b.jpg,new_whale
415921ce.jpg,new_whale
4179e672.jpg,new_whale
418024db.jpg,new_whale
4194da1f.jpg,new_whale
41a871cf.jpg,new_whale w_4e52a49
41bcea05.jpg,new_whale
41c2b01b.jpg,new_whale
41d3f4c3.jpg,new_whale w_42ab867
41e67d5d.jpg,new_whale
41e6c5fa.jpg,new_whale
41e6e9a5.jpg,new_whale
41f64f78.jpg,new_whale
42031b49.jpg,new_whale
420a4dae.jpg,new_whale
424fdf7c.jpg,new_whale
426665af.jpg,new_whale w_e02fe7b
4280f72a.jpg,new_whale
42ae50d8.jpg,w_17d5eb9
42bda7a1.jpg,new_whale
42c50637.jpg,new_whale
42d410b1.jpg,new_whale
42e7d8e6.jpg,new_whale
42e8dc67.jpg,new_whale
431f7aa2.jpg,new_whale
43476a3e.jpg,new_whale
4361e154.jpg,new_whale
43654cc9.jpg,new_whale
436f533f.jpg,w_a837660
43740a3a.jpg,new_whale
43771df5.jpg,new_whale
437af947.jpg,new_whale
439c8ba3.jpg,new_whale
43b4000a.jpg,new_whale
43ed7b5c.jpg,new_whale
442604e3.jpg,new_whale
44535121.jpg,new_whale
44753e59.jpg,new_whale
44e5901e.jpg,w_affc813
4505e616.jpg,new_whale
4513930c.jpg,new_whale
451a572f.jpg,new_whale
451e7edc.jpg,new_whale
45204032.jpg,new_whale
452f3107.jpg,new_whale
4532cb1f.jpg,new_whale w_c0d494d
454f3e33.jpg,new_whale
455f0939.jpg,new_whale
45a06c83.jpg,new_whale
45cf8756.jpg,new_whale
45e9da9e.jpg,new_whale
45f94825.jpg,new_whale
460029de.jpg,new_whale
460bee1e.jpg,new_whale
460ee685.jpg,new_whale
4649470f.jpg,new_whale
46508563.jpg,new_whale
46a59973.jpg,new_whale
46af91da.jpg,new_whale
46ba4806.jpg,new_whale
46da7531.jpg,new_whale
46e27bcc.jpg,w_0378699
46ecfcb1.jpg,new_whale
4773865f.jpg,new_whale w_f81c626
4778979f.jpg,new_whale
477e5830.jpg,w_18eee6e
4799d6d7.jpg,w_a24f581
47aa9bf3.jpg,new_whale
47cd0f07.jpg,new_whale
47e7711e.jpg,new_whale
481acce3.jpg,new_whale
482ba812.jpg,new_whale w_5d6786e
48563310.jpg,new_whale
486d8d21.jpg,new_whale
487cfd5b.jpg,new_whale
48ebee22.jpg,new_whale
4901ca8c.jpg,new_whale
49044ed3.jpg,w_1287fbc
490cc598.jpg,new_whale
4932f17e.jpg,new_whale
494cb8d9.jpg,w_12f2352
49537e24.jpg,new_whale
49766726.jpg,new_whale
49d516f1.jpg,w_ef6e6a9
49d8ccc3.jpg,new_whale
49ee09ad.jpg,new_whale
49f5b782.jpg,new_whale
49fd40f6.jpg,new_whale
4a1c3d91.jpg,new_whale
4a2c1093.jpg,new_whale
4a3a7eaa.jpg,new_whale
4a3b9995.jpg,new_whale
4a82091e.jpg,w_4a1e58b
4a8f1a14.jpg,new_whale
4a94ef0c.jpg,new_whale
4adeb8c7.jpg,new_whale
4b36f106.jpg,new_whale
4b3e93cf.jpg,new_whale
4b487d89.jpg,new_whale
4b4b3c75.jpg,new_whale
4b6cfebe.jpg,new_whale
4b82e76a.jpg,w_eec1133
4b8d2b0f.jpg,new_whale
4b999213.jpg,new_whale
4bbc0931.jpg,new_whale
4bd34c6b.jpg,new_whale
4be208d2.jpg,new_whale
4be6732d.jpg,new_whale
4be953b8.jpg,w_9ca943b
4bec12c7.jpg,new_whale
4bf5b9f5.jpg,new_whale
4c799778.jpg,new_whale
4c7b738c.jpg,new_whale
4c7c5aaf.jpg,new_whale
4c7fef29.jpg,new_whale
4c935b20.jpg,new_whale
4c955f54.jpg,new_whale
4ca0b3a1.jpg,new_whale
4ca7b423.jpg,new_whale
4cc24d3e.jpg,w_fa32440
4cdaa954.jpg,new_whale
4d071e05.jpg,new_whale
4d09369c.jpg,new_whale
4d19b0c6.jpg,new_whale
4d201b24.jpg,new_whale
4d37e6fb.jpg,w_cb8edf5
4d9a4594.jpg,new_whale
4daf70ac.jpg,w_6badfcf
4db0ef84.jpg,new_whale
4dc4cd1d.jpg,new_whale
4dd21cce.jpg,new_whale
4dd78180.jpg,new_whale
4dd84c57.jpg,w_13c6b6b
4ddb21b8.jpg,new_whale
4e151847.jpg,new_whale
4e1945f9.jpg,new_whale
4e20ce88.jpg,new_whale
4e2c02a1.jpg,new_whale
4e60c730.jpg,new_whale
4e8fbb05.jpg,new_whale
4ecc1993.jpg,new_whale
4ed09db7.jpg,w_22bcbd6
4ed9f0c9.jpg,new_whale
4f05f032.jpg,new_whale
4f40a47e.jpg,new_whale
4f45f52e.jpg,new_whale
4f4c20f0.jpg,new_whale
4f535757.jpg,new_whale
4f5473ca.jpg,new_whale
4f7937fe.jpg,w_0f16be3
4f99ba52.jpg,new_whale
4f9b559a.jpg,new_whale w_9564830
4fb15a27.jpg,new_whale
4fce8e39.jpg,new_whale
4fdcda59.jpg,new_whale
4ffedda1.jpg,new_whale
5009f646.jpg,w_7e1521a
5011630f.jpg,new_whale
50138bf3.jpg,new_whale
501476aa.jpg,new_whale
502d14ae.jpg,new_whale
508f802c.jpg,new_whale
511c84f5.jpg,new_whale
513da9dc.jpg,new_whale
513ebdab.jpg,new_whale
51536ef9.jpg,new_whale
517ad69a.jpg,new_whale
517fb7ec.jpg,new_whale
518331d9.jpg,new_whale
5194f6df.jpg,new_whale
51970f48.jpg,w_6dbb861
51a7b5d0.jpg,new_whale
51af5331.jpg,new_whale
51b0dbba.jpg,new_whale
51dadaf5.jpg,new_whale
51df4ef1.jpg,new_whale
5203cb9c.jpg,new_whale
521b53a6.jpg,new_whale w_9ea2cc3
52235087.jpg,new_whale
52288f26.jpg,new_whale
52328361.jpg,new_whale
523df209.jpg,new_whale
528341d2.jpg,w_ff7630a
529328fe.jpg,new_whale
52b2170e.jpg,new_whale
52bad22c.jpg,w_773509f
52c9918f.jpg,new_whale
52cc163b.jpg,new_whale
52f9198d.jpg,w_b6d4901
531085a0.jpg,w_fae2cb6
531980ff.jpg,new_whale
5334b242.jpg,new_whale
5339dbf8.jpg,new_whale w_0aae8c1
53757ac9.jpg,new_whale
539cadc2.jpg,new_whale
53cd0f31.jpg,new_whale
53cdca34.jpg,new_whale
53d0da96.jpg,w_f19faeb
53e221da.jpg,new_whale
5444a1c0.jpg,new_whale
5445f6fc.jpg,new_whale
548f0422.jpg,new_whale
5490f65d.jpg,new_whale
54b4a47c.jpg,w_7e8b270
54b67380.jpg,w_1dc6d62
54b6b087.jpg,new_whale
54ea874b.jpg,new_whale
55201359.jpg,new_whale
55406f82.jpg,new_whale
555cd9f7.jpg,new_whale w_0aae8c1 w_5e78545
557f59f1.jpg,w_4be373e
5580c5c9.jpg,new_whale
55815837.jpg,w_b7d5069
5586f6bc.jpg,w_63db6f9
55913c00.jpg,new_whale
559c58e1.jpg,new_whale
55a84c29.jpg,new_whale
55b0d70e.jpg,new_whale
55bf9463.jpg,new_whale
55c8f089.jpg,new_whale
55cd88b9.jpg,new_whale
55ee19da.jpg,new_whale
563f83dd.jpg,new_whale
5647bdb3.jpg,new_whale
56529236.jpg,new_whale
56541538.jpg,new_whale
5656bb58.jpg,new_whale
56683c94.jpg,new_whale
56782171.jpg,new_whale
568cf692.jpg,w_f843a8d
569a740c.jpg,new_whale
56b2b277.jpg,w_5f82501
56badd05.jpg,new_whale
5702acb4.jpg,new_whale
572a97a3.jpg,new_whale
572af8f2.jpg,new_whale
572e0d7e.jpg,new_whale
572f3a83.jpg,new_whale w_8cd3036
575cc2b4.jpg,new_whale
575cca28.jpg,new_whale
575cd05f.jpg,new_whale
5769b05d.jpg,new_whale
5799317a.jpg,new_whale
57a41711.jpg,new_whale
57bd6659.jpg,new_whale
5807d36f.jpg,new_whale
5820b732.jpg,new_whale w_e7f8e67
582e471f.jpg,new_whale
583cbae8.jpg,new_whale
583f608f.jpg,new_whale
584b4360.jpg,new_whale
5867c531.jpg,new_whale
58aa7309.jpg,new_whale
58be6b35.jpg,new_whale
58c14250.jpg,w_540fd73
58d16ca6.jpg,new_whale
58e8cf08.jpg,new_whale
59059f1d.jpg,new_whale
59233bfb.jpg,new_whale
59263515.jpg,new_whale
592f90c6.jpg,new_whale
594dddfe.jpg,new_whale w_ca813c2 w_38158d6
5979391f.jpg,w_03c6d18
59a00e81.jpg,new_whale
59d526d0.jpg,w_fe6617a
59dc6925.jpg,new_whale
59e6f431.jpg,new_whale
59fcdf7c.jpg,new_whale
59ff7ef4.jpg,new_whale
5a069ac0.jpg,w_11adaae
5a38a248.jpg,new_whale
5a529338.jpg,new_whale
5a89787a.jpg,new_whale
5a99bd4e.jpg,new_whale
5aa103db.jpg,new_whale
5aae5511.jpg,new_whale
5acb9cd6.jpg,new_whale
5acd9fe8.jpg,w_a837660
5aecf6f5.jpg,new_whale
5afccb14.jpg,new_whale
5b196cf4.jpg,new_whale
5b47354b.jpg,new_whale
5b47c5fe.jpg,new_whale
5b88085d.jpg,new_whale
5b8e3407.jpg,w_e8bce8a
5b8f796e.jpg,w_8e451d9
5befedad.jpg,new_whale
5c03ff63.jpg,new_whale
5c2473e0.jpg,new_whale
5c453bf0.jpg,w_d1bbde9
5c456a5c.jpg,new_whale
5c7d5892.jpg,new_whale
5c83c6fe.jpg,w_1c3cecd
5c923031.jpg,new_whale
5cb83493.jpg,new_whale
5cc2679d.jpg,new_whale
5cde3345.jpg,w_54c00ad
5d2eccae.jpg,w_38e4aae
5d302a88.jpg,new_whale
5d3c8238.jpg,w_4c9d3df
5d61f849.jpg,new_whale
5d97b3bf.jpg,new_whale
5db14e3f.jpg,new_whale
5dc39aa6.jpg,new_whale
5dcd6a33.jpg,new_whale
5dd3f4fd.jpg,new_whale
5de1c5c7.jpg,new_whale
5e13f5a1.jpg,w_6af9dd7
5e19225f.jpg,new_whale
5e19553b.jpg,new_whale
5e36e768.jpg,new_whale
5ea78acb.jpg,new_whale
5eacfd2b.jpg,new_whale
5ebd411a.jpg,w_2db01d5
5ecad6a5.jpg,new_whale
5eea2ecb.jpg,new_whale
5ef27b66.jpg,new_whale
5f0a9ce9.jpg,new_whale
5f103854.jpg,new_whale
5f538e92.jpg,new_whale
5f809d39.jpg,new_whale
5fb119af.jpg,w_011d4b5
5fb1a2ca.jpg,new_whale
5fbf804e.jpg,w_3ff6029
5fd538c6.jpg,new_whale
5ff2a3d9.jpg,new_whale
6001150d.jpg,new_whale
6015aeab.jpg,new_whale
602779e5.jpg,new_whale
6041818b.jpg,new_whale
60477620.jpg,new_whale
604d6acf.jpg,new_whale
60b444df.jpg,new_whale
60be2522.jpg,new_whale
60be8ce2.jpg,new_whale
60bf1c80.jpg,new_whale
60dd112e.jpg,new_whale
610fa7ee.jpg,new_whale
6113ad50.jpg,new_whale
61149707.jpg,new_whale
615e2a90.jpg,new_whale
61669569.jpg,new_whale
616ad6c9.jpg,w_ab4bd59
61754d81.jpg,new_whale
617561e9.jpg,new_whale
61773fe1.jpg,new_whale
618009e7.jpg,new_whale w_0e737d0
618be8d2.jpg,new_whale
619da46f.jpg,w_20f86e1
61f45381.jpg,new_whale
62523a6d.jpg,w_18eee6e
62569b29.jpg,new_whale
62597f2a.jpg,new_whale
625b9d11.jpg,new_whale
625fd591.jpg,new_whale
626c0071.jpg,new_whale
62c792ab.jpg,new_whale
62cecb2e.jpg,new_whale w_1eafe46
62cf5112.jpg,new_whale
62d90d83.jpg,new_whale
62dc4a72.jpg,new_whale
62e05bff.jpg,w_e700deb
62e79e06.jpg,w_92d390e
632d6421.jpg,new_whale
634a81d4.jpg,w_45e8ea5
6367f41b.jpg,new_whale
63792aaf.jpg,new_whale
63ab9c22.jpg,new_whale
63b6f34f.jpg,new_whale
63b72885.jpg,new_whale
63b7d744.jpg,new_whale
63cb943a.jpg,new_whale
64076924.jpg,new_whale
6413b515.jpg,new_whale
641901ff.jpg,new_whale
645cb431.jpg,new_whale w_2216a46 w_f4d89bb
646b3a4b.jpg,new_whale
647a57bd.jpg,w_98baff9
6488f0e6.jpg,new_whale
648a1749.jpg,new_whale w_49bbc79
648bff95.jpg,new_whale
64ac8eea.jpg,new_whale
64acd14d.jpg,new_whale
64b9315c.jpg,new_whale
64d6056e.jpg,new_whale
64e134a0.jpg,w_8e23e4c
64eee451.jpg,w_1a70685
65199df7.jpg,new_whale w_1c22d7e
65338c4f.jpg,new_whale
65387be7.jpg,new_whale
6539d7c1.jpg,new_whale
6543b1d2.jpg,new_whale
65485450.jpg,new_whale
6563a727.jpg,new_whale
65665cdb.jpg,new_whale
657330ef.jpg,new_whale w_290f82b
658cbb0a.jpg,w_3650949
65a0e5d3.jpg,new_whale
65c96cee.jpg,new_whale
65d62a39.jpg,new_whale
65d92306.jpg,new_whale
65d9a84d.jpg,new_whale
65fed75f.jpg,w_551f5ca
66630f76.jpg,new_whale
667c2a3a.jpg,new_whale
66842e86.jpg,new_whale
668694d5.jpg,new_whale
669988a6.jpg,new_whale
669ddfb1.jpg,new_whale
66a07535.jpg,new_whale
66c00fd4.jpg,new_whale
66d13b68.jpg,w_0771d4b
66d166d4.jpg,w_cb7b682
66e6e2bb.jpg,new_whale
67172e12.jpg,new_whale w_7dee51b
67191751.jpg,new_whale
67211915.jpg,new_whale
6732cdde.jpg,new_whale
6742653c.jpg,new_whale
675337eb.jpg,new_whale
675ce8d5.jpg,new_whale
6762b456.jpg,new_whale
676be9cb.jpg,new_whale
677c2c04.jpg,new_whale
678db624.jpg,new_whale
678f4374.jpg,new_whale
679c308b.jpg,new_whale
67a07e99.jpg,w_c92b4f5
67af1e7a.jpg,new_whale
67b1d487.jpg,new_whale
67c610b4.jpg,new_whale
67d30ebe.jpg,new_whale
67d4721b.jpg,w_57e8a80
67fef658.jpg,new_whale
680d1756.jpg,new_whale
680d9057.jpg,new_whale
6817ac5b.jpg,new_whale
681f7b74.jpg,new_whale
68460d91.jpg,new_whale
68673959.jpg,new_whale
6875d9f1.jpg,new_whale
687cbed4.jpg,new_whale
687f1f20.jpg,new_whale
6890052c.jpg,new_whale
68964fdf.jpg,new_whale
68975ca6.jpg,new_whale
68b09059.jpg,new_whale
68b475c1.jpg,new_whale w_1eafe46
68cf2dc3.jpg,new_whale
68f6c683.jpg,new_whale
690b32c8.jpg,new_whale
691b4ac1.jpg,new_whale
6920efe3.jpg,new_whale
6933917c.jpg,new_whale
693a8624.jpg,new_whale
695539d2.jpg,new_whale
69a06ac4.jpg,new_whale
69ad8b30.jpg,new_whale
69b4fc2d.jpg,new_whale
69d3d7e4.jpg,new_whale
69d796f5.jpg,new_whale
6a014b72.jpg,new_whale
6a0a6d66.jpg,w_d25a717
6a1afbf8.jpg,new_whale
6a1bc2cb.jpg,new_whale
6a3e96bc.jpg,new_whale
6a6b85c2.jpg,new_whale
6a8258b7.jpg,new_whale
6abfd2d7.jpg,new_whale
6ad02de6.jpg,new_whale
6addcfc9.jpg,w_e7a238b
6ae51bca.jpg,new_whale
6af01846.jpg,new_whale w_c0d494d
6afd30d8.jpg,w_62ca7c8
6afeb852.jpg,new_whale
6b046145.jpg,new_whale
6b07b1f2.jpg,new_whale
6b141285.jpg,new_whale
6b398d2a.jpg,new_whale
6b3a78b7.jpg,new_whale
6b6ef016.jpg,new_whale
6b74d42b.jpg,w_fb8ca1e
6bbe1ef5.jpg,new_whale
6bcca20e.jpg,new_whale
6bd37709.jpg,new_whale
6be1c8f2.jpg,new_whale
6bf75a34.jpg,new_whale
6c03fbe3.jpg,new_whale
6c087e6b.jpg,new_whale
6c276353.jpg,new_whale
6c287aa5.jpg,new_whale
6c299356.jpg,new_whale
6c395c07.jpg,new_whale
6c505d42.jpg,new_whale
6c83a9b9.jpg,new_whale
6cd62faf.jpg,new_whale
6ce7318c.jpg,w_b48535f
6d45c5af.jpg,new_whale
6d724a01.jpg,new_whale
6d7c5662.jpg,new_whale
6d7e1581.jpg,new_whale
6da2c0c6.jpg,new_whale
6de2a328.jpg,new_whale
6de641d0.jpg,new_whale
6dfaf0f4.jpg,new_whale
6e1e52e4.jpg,w_0eb2886
6e243484.jpg,new_whale
6e3233a5.jpg,new_whale
6ebd2c26.jpg,new_whale
6ec811a6.jpg,new_whale
6f2281a4.jpg,new_whale
6f38ece6.jpg,new_whale
6f3d83e5.jpg,new_whale
6f48d050.jpg,new_whale
6f71d63b.jpg,new_whale
6f79709f.jpg,new_whale
6f929f4f.jpg,new_whale
6fb052e9.jpg,new_whale
6fcc17a3.jpg,w_a66b2a5
6fd1f649.jpg,new_whale
6fd2870b.jpg,new_whale
7019eac3.jpg,w_cd1f1ed
704ea44e.jpg,w_df15cc8
706e3131.jpg,new_whale
706ecdb2.jpg,new_whale
70a95110.jpg,new_whale
70b2f7d8.jpg,new_whale
70b3511a.jpg,new_whale
70d7ae28.jpg,new_whale
70df2643.jpg,new_whale
70e3217f.jpg,new_whale
70eb47af.jpg,new_whale
71050693.jpg,new_whale
7107c76c.jpg,new_whale
711c4509.jpg,new_whale
7164e51e.jpg,new_whale
716c8ca4.jpg,w_d8e752e
717220e9.jpg,new_whale
719b2287.jpg,new_whale
71a65b30.jpg,new_whale
71ddc84a.jpg,new_whale
720aa1c1.jpg,new_whale
7220a419.jpg,new_whale
7263046f.jpg,new_whale
7264ab48.jpg,new_whale
7275e6ad.jpg,w_eb0a6ed
727f807b.jpg,new_whale
728a1e7f.jpg,new_whale
72ab8e9c.jpg,new_whale
72d642bc.jpg,w_fbce8b4
72f842bf.jpg,new_whale
7314f3ae.jpg,new_whale
733cae6e.jpg,new_whale
73566cb4.jpg,new_whale
7357de95.jpg,new_whale
736132da.jpg,new_whale
73624978.jpg,w_552a16e
737319c4.jpg,new_whale
73a15e60.jpg,new_whale
73c7b89d.jpg,new_whale
73ddfce7.jpg,new_whale
73e55b39.jpg,new_whale
7404a7c9.jpg,new_whale
7406194d.jpg,new_whale
743c4de4.jpg,new_whale
7441bf36.jpg,new_whale
74463545.jpg,new_whale
746d8e1f.jpg,new_whale
747e4187.jpg,w_5624f08
749e1412.jpg,new_whale
74d94b2d.jpg,new_whale
74e55597.jpg,new_whale
75031c73.jpg,new_whale
753279de.jpg,new_whale
7575c27a.jpg,new_whale
75840582.jpg,new_whale
758612eb.jpg,new_whale
75bdebac.jpg,w_deb33de
75c53c67.jpg,new_whale
75f18083.jpg,w_7763134
760bacf5.jpg,new_whale
762b11f2.jpg,w_89e451c
76753131.jpg,new_whale
76830c41.jpg,new_whale w_9771603
76908959.jpg,new_whale
769b521b.jpg,w_503ff17
76bf599c.jpg,new_whale
76c11a56.jpg,new_whale
76cc1632.jpg,new_whale
76e60f5a.jpg,new_whale
76eb98ad.jpg,new_whale
76eeeffd.jpg,new_whale
77071769.jpg,new_whale
77194476.jpg,new_whale
7728a76d.jpg,new_whale
7731736a.jpg,new_whale
7732ec85.jpg,new_whale
775c6e84.jpg,new_whale w_f81c626
779088c0.jpg,new_whale
77a26ec2.jpg,new_whale
77b375e7.jpg,new_whale w_2fe43c7
77bd0723.jpg,new_whale w_6202983
77dcc4f9.jpg,new_whale
77e9766c.jpg,new_whale
77f0bf2e.jpg,new_whale
780204dc.jpg,new_whale
7805b701.jpg,new_whale
780c94e6.jpg,new_whale
781edb0f.jpg,new_whale
7826435c.jpg,new_whale
782c2c02.jpg,new_whale
784156c2.jpg,new_whale
7845558c.jpg,w_a14d6d8
78471e91.jpg,new_whale
7881ef02.jpg,new_whale
7882f7a2.jpg,new_whale
78841ee3.jpg,new_whale
78868f34.jpg,w_a2a1378
788a08b0.jpg,new_whale
788ce48f.jpg,new_whale w_9ea2cc3
7895379c.jpg,new_whale
78bdbd57.jpg,w_7bf3a5c
791580a1.jpg,new_whale
793b9ee9.jpg,new_whale
7943acec.jpg,w_87050a3
794bb3d9.jpg,new_whale
794bf37d.jpg,new_whale
79660261.jpg,w_87e00c8
79692b34.jpg,new_whale
797125c7.jpg,new_whale
79943bb6.jpg,new_whale
79c98aad.jpg,new_whale
79deb0ac.jpg,new_whale
79e740c4.jpg,new_whale
7a08794b.jpg,new_whale
7a0d3770.jpg,w_d2be6cc
7a112801.jpg,w_6a78025
7a11f5b1.jpg,w_dfd7ee8
7a126d57.jpg,w_e3f51ec
7a15ab31.jpg,new_whale
7a2b8779.jpg,new_whale
7a312440.jpg,new_whale
7a5be11c.jpg,new_whale
7a82f197.jpg,new_whale
7a847c8d.jpg,new_whale
7a8fde68.jpg,new_whale
7ab501cc.jpg,new_whale
7ad128f5.jpg,w_af67683
7af2d6dc.jpg,new_whale
7afe2699.jpg,new_whale
7b02cddb.jpg,new_whale
7b08f0fc.jpg,new_whale
7b1414c7.jpg,new_whale
7b20e51b.jpg,new_whale
7b5261da.jpg,new_whale
7b708961.jpg,new_whale
7b7a3760.jpg,new_whale
7baf63df.jpg,new_whale w_c9e1cdc
7baf78c3.jpg,new_whale
7bcf5f6e.jpg,new_whale
7bf36f43.jpg,new_whale
7bf7e077.jpg,w_0471bdf
7bfd83bf.jpg,new_whale
7c19e299.jpg,w_2e872af
7c495980.jpg,new_whale
7c524dff.jpg,new_whale
7c77d553.jpg,new_whale
7c9477a0.jpg,new_whale w_68b47a1
7c94e4fa.jpg,new_whale
7ccd671f.jpg,new_whale
7cf31d75.jpg,w_733fe81
7d6036c0.jpg,new_whale
7d7efdbb.jpg,new_whale
7da8c193.jpg,new_whale
7dad2968.jpg,new_whale w_b066aa6
7db5f7c4.jpg,new_whale
7dc1f3bb.jpg,new_whale
7dca2c1a.jpg,w_c133ea8
7dcc9789.jpg,new_whale
7df16f58.jpg,new_whale
7e2fe6f6.jpg,new_whale
7e5a2a3d.jpg,new_whale
7e82a699.jpg,w_17ee910
7e8fed53.jpg,w_6fcceaf
7eaccd6b.jpg,new_whale
7ef63a80.jpg,new_whale
7f03e2bb.jpg,new_whale
7f0a57e6.jpg,new_whale
7f0b6c80.jpg,new_whale
7f0dca3b.jpg,new_whale
7f3ed146.jpg,new_whale
7f48832c.jpg,new_whale
7f4b57d4.jpg,new_whale
7f51b446.jpg,new_whale
7f573663.jpg,new_whale
7f5ece24.jpg,new_whale
7f696d7e.jpg,new_whale
7f7619df.jpg,new_whale
7f78a5b1.jpg,new_whale
7f9561d4.jpg,new_whale
7fdea404.jpg,new_whale
7fdffb15.jpg,new_whale
7fe7b7df.jpg,new_whale
8012a979.jpg,new_whale
802f22ee.jpg,new_whale
8045d8a8.jpg,new_whale
804fdd64.jpg,w_f792125
8051910a.jpg,new_whale
806175d1.jpg,new_whale
8066e25a.jpg,new_whale
806ede72.jpg,new_whale
80715b80.jpg,new_whale
8074930f.jpg,new_whale
807971a9.jpg,new_whale
80bd1739.jpg,new_whale
80c606ec.jpg,new_whale w_29f00ae
80d3685d.jpg,new_whale
80d88a24.jpg,new_whale
811e6f9c.jpg,new_whale w_dbc392b
815482f3.jpg,new_whale
81556ead.jpg,w_c9dfa13
8176732a.jpg,new_whale
817a1bf1.jpg,new_whale
81848424.jpg,new_whale
819999f7.jpg,w_222dcb7
81ce2c4f.jpg,new_whale
81f30531.jpg,new_whale
8200a690.jpg,new_whale
8216f4f9.jpg,new_whale
82296fad.jpg,new_whale
822edfb8.jpg,new_whale
82422673.jpg,new_whale
82778caf.jpg,new_whale
82aca676.jpg,new_whale
82b8ed04.jpg,new_whale
82c20991.jpg,new_whale
82c7196f.jpg,new_whale
82d826b0.jpg,new_whale
830311a0.jpg,new_whale
833160cc.jpg,new_whale
83381a4b.jpg,new_whale
8376a344.jpg,w_a687e28
837cb0cb.jpg,new_whale
839b9f3e.jpg,new_whale
83b01f67.jpg,new_whale
83b9f8d7.jpg,new_whale
83d06cb9.jpg,new_whale
8409508c.jpg,new_whale
840a592d.jpg,new_whale
842a4597.jpg,new_whale
8458b1a7.jpg,new_whale
84687110.jpg,new_whale
8498e6a9.jpg,new_whale
84a787d4.jpg,new_whale
84db2c94.jpg,w_0d049cf
850ad7fe.jpg,new_whale w_8392ae9
850df56a.jpg,new_whale
850e658c.jpg,w_18df014
85177e9d.jpg,new_whale
852d5aa6.jpg,new_whale
85327616.jpg,new_whale w_e45bc18 w_b4d182b
853355be.jpg,new_whale
8535de25.jpg,new_whale
8542fb24.jpg,new_whale
855546ed.jpg,new_whale
855b5ce3.jpg,w_18df014
8576f04e.jpg,new_whale
857f155e.jpg,new_whale
85a5d038.jpg,w_33909b8
85ad2200.jpg,w_da2efe0
85be292e.jpg,new_whale
85d133dc.jpg,new_whale
85ef16b0.jpg,new_whale
85f75637.jpg,new_whale
863589d3.jpg,new_whale
863775d0.jpg,new_whale
864cc022.jpg,new_whale
86511a1f.jpg,new_whale
866a24fe.jpg,w_92d55a6
867a2389.jpg,new_whale
8683cf73.jpg,w_f83b1f9
86873f25.jpg,new_whale
868a32a4.jpg,w_073f071
86c71589.jpg,w_ea9b531
86c7d89e.jpg,new_whale
86e99a41.jpg,new_whale
8722a51e.jpg,new_whale
874029cc.jpg,new_whale
87428e86.jpg,new_whale
875635c1.jpg,new_whale
875b39a7.jpg,new_whale
875dfe44.jpg,new_whale w_62f804d
876c7ca5.jpg,new_whale
878d17fe.jpg,new_whale
87a5de21.jpg,new_whale w_7554f44
87b7dda9.jpg,new_whale
87bbdcb4.jpg,new_whale
87c72b2e.jpg,new_whale
87e8cbaa.jpg,new_whale
88302b55.jpg,new_whale
8848dfc5.jpg,new_whale
88810955.jpg,new_whale
88ac2b94.jpg,new_whale
88c2f58b.jpg,w_1c3e5da
88dc8815.jpg,new_whale
88e4d5b5.jpg,new_whale
890685ff.jpg,new_whale
8931dcfe.jpg,new_whale
896a9bce.jpg,new_whale
89789881.jpg,new_whale
89860da9.jpg,new_whale
89acb38f.jpg,new_whale
89c94943.jpg,w_f22f3e3
8a16a939.jpg,new_whale
8a43ab2d.jpg,w_70b4610
8a43fa05.jpg,new_whale
8a466f4f.jpg,new_whale
8a47b752.jpg,new_whale
8a511f82.jpg,new_whale
8a5d59db.jpg,new_whale
8a619721.jpg,new_whale w_d382236
8a781611.jpg,w_2dae424
8aa62532.jpg,new_whale
8ab9b557.jpg,new_whale
8ad7e824.jpg,new_whale
8aedb9e4.jpg,new_whale
8afc5f7b.jpg,new_whale
8b04e9e4.jpg,new_whale
8b0ff43a.jpg,new_whale
8b188253.jpg,new_whale
8b1dbac0.jpg,w_8244367
8b2adb14.jpg,new_whale
8b38ef29.jpg,new_whale
8b466626.jpg,new_whale w_2f97ce6 w_e08089e
8b976b8a.jpg,new_whale
8ba3c241.jpg,w_fb7a56b
8ba6b25d.jpg,new_whale
8bac28e6.jpg,new_whale
8bac9aeb.jpg,new_whale
8bd73bec.jpg,new_whale
8beb7293.jpg,new_whale
8bebd2e7.jpg,new_whale
8c0fbdcb.jpg,new_whale
8c10ceb4.jpg,new_whale
8c2afea6.jpg,new_whale
8c2c2057.jpg,new_whale
8c3282a1.jpg,new_whale
8c411469.jpg,new_whale
8c5a876f.jpg,w_e4f1fcc
8c6868b9.jpg,new_whale
8c6dd5a9.jpg,new_whale
8ca7d8b2.jpg,new_whale
8cc0347b.jpg,w_d5ec83f
8cd920df.jpg,new_whale
8d0668a7.jpg,new_whale
8d09b9a6.jpg,new_whale
8d0ff94b.jpg,new_whale
8d12b1a0.jpg,w_65428d9
8d18ab03.jpg,new_whale
8d612134.jpg,new_whale
8d6fd556.jpg,new_whale
8d96452a.jpg,new_whale
8db26d7c.jpg,new_whale
8dc7d335.jpg,new_whale
8dcfbaed.jpg,new_whale
8e09e3dc.jpg,new_whale
8e2d52af.jpg,new_whale
8e557ca4.jpg,new_whale
8e5ec287.jpg,new_whale
8e617483.jpg,new_whale
8e6cdd06.jpg,new_whale
8e6de44d.jpg,new_whale
8e72ad20.jpg,new_whale
8e898f68.jpg,new_whale
8e8e966e.jpg,w_309a2b3
8ebbfbf1.jpg,new_whale
8ecdbfb9.jpg,new_whale
8eee1794.jpg,new_whale
8f03c722.jpg,new_whale w_5ae47d9
8f38405a.jpg,new_whale
8f500fd0.jpg,new_whale
8f573b96.jpg,new_whale
8f6380b3.jpg,new_whale
8f6b7665.jpg,new_whale
8f6cb74d.jpg,new_whale
8f7a7b21.jpg,new_whale
8f7fd078.jpg,new_whale
8f91cab2.jpg,w_987a36f
8f9f4da3.jpg,new_whale
8fa35949.jpg,new_whale
8fa723c7.jpg,new_whale
8fea2bef.jpg,new_whale
8ff3fb62.jpg,new_whale
9020da47.jpg,new_whale w_dbda0d6
9020f4bd.jpg,new_whale
902abc5b.jpg,new_whale
9045302f.jpg,new_whale
90659f33.jpg,new_whale
907989b4.jpg,new_whale
9094f65e.jpg,new_whale
90a13d7b.jpg,new_whale
90cec146.jpg,new_whale w_1eafe46
914d5111.jpg,new_whale
914fc077.jpg,new_whale
91747759.jpg,new_whale
917a3f88.jpg,new_whale
919f2eb4.jpg,new_whale
91ea0f62.jpg,new_whale
921608f8.jpg,new_whale
924035dd.jpg,new_whale
924a66aa.jpg,new_whale
924afbf3.jpg,new_whale w_4ebeafb
925c6294.jpg,w_56bbc91
926a3fbc.jpg,new_whale
9275cc18.jpg,new_whale w_c0d494d
9283969a.jpg,new_whale
92bb8c33.jpg,new_whale
92da531c.jpg,new_whale
92f5fc28.jpg,w_5deefd9
930acb03.jpg,new_whale
93244a0b.jpg,w_58bca3c
9325ec9c.jpg,new_whale
9370018c.jpg,new_whale
937a6503.jpg,new_whale
9382c9c8.jpg,new_whale
939088be.jpg,new_whale
939dd454.jpg,new_whale
93bbba81.jpg,w_95874a5
93bbca24.jpg,w_b648329
93c34261.jpg,new_whale
93d859d2.jpg,w_c8f7bcd
9447bfe4.jpg,new_whale
944f319b.jpg,new_whale
946ad667.jpg,new_whale
94791360.jpg,new_whale
94ad8b86.jpg,new_whale
94adf37d.jpg,new_whale
94c15ba9.jpg,new_whale
94d49e64.jpg,new_whale
94dd4893.jpg,new_whale
95169209.jpg,new_whale
951dde0d.jpg,new_whale
9529f31c.jpg,new_whale
952a33b9.jpg,new_whale
95502f6f.jpg,new_whale
9579fff8.jpg,new_whale
957f5854.jpg,new_whale
959ed9af.jpg,w_fb72090
95ae1167.jpg,new_whale
95b3acd4.jpg,w_41fa033
95f991c4.jpg,new_whale
95fa67a3.jpg,w_ea96346
9609ac0a.jpg,new_whale
9611828f.jpg,new_whale
96189818.jpg,new_whale
962db6fd.jpg,new_whale
9631a155.jpg,new_whale
964f9752.jpg,new_whale
9653b680.jpg,new_whale
96601d3b.jpg,new_whale
9664da20.jpg,new_whale
966dc6bb.jpg,new_whale
966ff541.jpg,new_whale
9695157d.jpg,new_whale w_a59905f
96a33000.jpg,new_whale
96a8a869.jpg,new_whale
96a9a969.jpg,w_e5250e9
96c0166d.jpg,new_whale
96c46a9f.jpg,new_whale
96d85b75.jpg,new_whale
96dfb2dd.jpg,new_whale
9754c67b.jpg,new_whale
97837200.jpg,new_whale
9788a33d.jpg,w_f7a0fd7
979bd2b2.jpg,new_whale
97acfdb5.jpg,w_e147c40
97b3be4a.jpg,new_whale
97c08fd4.jpg,new_whale
97c664f5.jpg,new_whale
97d67955.jpg,new_whale
97dc8e55.jpg,new_whale
97ea82c9.jpg,new_whale w_7cfaa82
97f95dd7.jpg,new_whale
9827843e.jpg,new_whale
9830e6fa.jpg,new_whale
98535c3e.jpg,new_whale
985c17d6.jpg,new_whale
98a4acbf.jpg,new_whale
98a63945.jpg,new_whale
98f0b45d.jpg,new_whale
98fce14f.jpg,new_whale
98ffc0ab.jpg,new_whale
9922d4b2.jpg,new_whale
99254916.jpg,new_whale
99470ddf.jpg,new_whale
99535417.jpg,new_whale
996f51f6.jpg,w_a2564cf
9973925c.jpg,new_whale
997d6a87.jpg,new_whale
9984a2e5.jpg,new_whale
9987d77c.jpg,new_whale
999085e9.jpg,new_whale
999c960e.jpg,new_whale
99dd7db7.jpg,new_whale
9a03b94c.jpg,w_9122179
9a2b1cfb.jpg,new_whale
9a2eb1a8.jpg,new_whale
9a2fcaad.jpg,new_whale
9a6a3266.jpg,new_whale
9a75cb7c.jpg,new_whale
9a7c4f79.jpg,new_whale
9a80669c.jpg,new_whale
9aaaa81e.jpg,new_whale
9aaecd4c.jpg,new_whale
9ad5fe52.jpg,new_whale
9ad9d48f.jpg,new_whale
9afb9e79.jpg,w_18eee6e
9b28aa11.jpg,new_whale
9b5544ee.jpg,new_whale
9b5fd4d5.jpg,new_whale
9b63204b.jpg,new_whale w_5557280
9b7a9240.jpg,new_whale
9bac70c3.jpg,new_whale
9bb485f9.jpg,new_whale
9bd8bafa.jpg,new_whale
9c082944.jpg,new_whale
9c14b735.jpg,new_whale
9c165fe1.jpg,new_whale
9c21899a.jpg,new_whale
9c45cd79.jpg,new_whale
9c5f55b9.jpg,new_whale
9c660fc5.jpg,w_1948625
9c799d3f.jpg,w_9ae554b
9c7e9d9d.jpg,new_whale
9c88ee08.jpg,new_whale
9c89af60.jpg,new_whale
9c9033d9.jpg,new_whale
9cb3a7bf.jpg,new_whale
9cbbf874.jpg,new_whale
9d60031b.jpg,new_whale
9d7e93ea.jpg,w_8327e8d
9d9bd9ff.jpg,w_309a2b3
9dad8c33.jpg,new_whale
9de5484b.jpg,new_whale
9e198e84.jpg,new_whale
9e1a2c22.jpg,new_whale
9e44bf84.jpg,new_whale
9e46d10b.jpg,new_whale
9e471c12.jpg,new_whale w_04c1951
9e6582d3.jpg,new_whale
9e8843aa.jpg,new_whale
9e9b1acf.jpg,new_whale
9eb55c21.jpg,new_whale
9ebe7b36.jpg,new_whale
9ec107f4.jpg,new_whale
9ec4ef1f.jpg,new_whale
9f4781cc.jpg,new_whale
9f828354.jpg,new_whale w_b074cdf
9f9a60c9.jpg,new_whale
9fa96a1a.jpg,new_whale
9faa7c8a.jpg,new_whale
9fb1ca1b.jpg,w_38e4aae
9fb6483e.jpg,new_whale
9fcffa56.jpg,w_1287fbc
a00d8913.jpg,new_whale
a02183de.jpg,new_whale w_ee17a08
a02233be.jpg,new_whale
a036c009.jpg,new_whale
a04a793c.jpg,new_whale
a04bf3d6.jpg,new_whale
a075c784.jpg,new_whale
a0833d35.jpg,new_whale
a09ee0ec.jpg,new_whale
a0d985c6.jpg,new_whale w_3674103
a0db0a37.jpg,new_whale
a0ecd72c.jpg,new_whale
a11a0497.jpg,new_whale
a11f1a67.jpg,new_whale
a13a19f8.jpg,new_whale
a146fa81.jpg,new_whale
a15694f4.jpg,new_whale w_49bbc79
a15d8ce2.jpg,new_whale
a190d9ca.jpg,new_whale
a1a07ee3.jpg,w_b942708
a1a83205.jpg,new_whale
a1ae5cb5.jpg,new_whale
a1c561f0.jpg,new_whale
a1e20d8d.jpg,new_whale
a2892438.jpg,w_402784d
a2923094.jpg,new_whale
a2929d0f.jpg,new_whale
a29c7619.jpg,new_whale
a2b18209.jpg,new_whale
a2e8fb05.jpg,new_whale
a30c66d1.jpg,new_whale
a337e50f.jpg,new_whale
a3505e31.jpg,new_whale
a359807f.jpg,new_whale
a3601ee4.jpg,new_whale
a37e4182.jpg,new_whale
a3a15c8c.jpg,new_whale
a3c0ff00.jpg,new_whale
a3f15bda.jpg,new_whale
a3fa4943.jpg,new_whale
a44511fb.jpg,new_whale
a44ce39a.jpg,w_7459706
a4663cce.jpg,new_whale
a47436f9.jpg,new_whale
a4899b85.jpg,new_whale
a4a5c27a.jpg,new_whale
a51a9046.jpg,new_whale
a52115f7.jpg,new_whale
a5223de0.jpg,w_62c3998
a53cdda5.jpg,new_whale
a54ab59d.jpg,new_whale
a5677906.jpg,new_whale
a56fe84f.jpg,new_whale
a57e3a82.jpg,new_whale
a5966bb8.jpg,new_whale
a59e740b.jpg,new_whale
a5b4df06.jpg,new_whale
a5c447af.jpg,new_whale
a5cd8e30.jpg,new_whale
a61a9701.jpg,new_whale
a6277174.jpg,new_whale
a62d24a4.jpg,new_whale
a62fa6f5.jpg,new_whale
a6421ec5.jpg,new_whale
a6428a04.jpg,new_whale
a657f08f.jpg,new_whale
a693b34f.jpg,new_whale
a6981b6e.jpg,new_whale
a69fc6a4.jpg,new_whale
a6dfb02d.jpg,new_whale
a70d6446.jpg,new_whale
a72bcc1c.jpg,new_whale w_6c803bf
a77ad1c3.jpg,new_whale
a77b60c4.jpg,new_whale
a7b749cb.jpg,new_whale
a7c139f4.jpg,w_fbcb6e4
a7d607c6.jpg,new_whale
a7f8f16f.jpg,new_whale
a8020970.jpg,new_whale
a80f1735.jpg,new_whale
a820b90f.jpg,new_whale
a82a30ab.jpg,new_whale
a832cd3c.jpg,new_whale
a85149fd.jpg,new_whale
a85cba14.jpg,new_whale
a873fe98.jpg,new_whale
a890a3f9.jpg,new_whale
a8927f0d.jpg,new_whale
a8af5748.jpg,new_whale
a8dbeaa7.jpg,new_whale
a8e77d35.jpg,new_whale
a8f490ad.jpg,w_733fe81
a91049b9.jpg,w_83714b7
a92cb363.jpg,new_whale
a940cf21.jpg,w_5ba417d
a954819b.jpg,w_7b69289
a95e69c6.jpg,new_whale
a969006a.jpg,new_whale
a972c1d5.jpg,w_98baff9
a97cce35.jpg,new_whale
a98a6656.jpg,new_whale
a98bfd97.jpg,w_f6bca7a w_7028d77
a993e8e6.jpg,new_whale w_f208155
a9c7e8cf.jpg,w_bfe749f
a9cf407a.jpg,new_whale
a9e477ac.jpg,new_whale
a9ef1734.jpg,new_whale
a9f75f9f.jpg,new_whale
aa0b98c8.jpg,new_whale
aa0f878d.jpg,new_whale
aa2d4af1.jpg,new_whale
aa71fed3.jpg,new_whale w_fe49bc4
aa88a3be.jpg,new_whale
aa8c1196.jpg,new_whale
aa8deafc.jpg,new_whale
aa9fd0ea.jpg,new_whale
aabaca48.jpg,new_whale
aadb6fbd.jpg,new_whale
aadc8a2c.jpg,new_whale
aae8d79f.jpg,new_whale
ab0bd9f1.jpg,new_whale
ab1d7b73.jpg,new_whale
ab75241a.jpg,new_whale
ab827770.jpg,new_whale
ab82b9f8.jpg,new_whale
abb17c4b.jpg,w_4dfe7cb
abb8b76e.jpg,new_whale
abc89d4d.jpg,new_whale
abe9b2c1.jpg,new_whale
abf17212.jpg,new_whale
ac02a9d2.jpg,new_whale
ac0ef79e.jpg,w_1febbf3
ac1408aa.jpg,new_whale
ac2ca50a.jpg,new_whale
ac4618b8.jpg,w_816d344
ac4c8eee.jpg,new_whale
ac5abffc.jpg,new_whale
ac729429.jpg,new_whale
ac78117d.jpg,new_whale
ac9826ea.jpg,w_3d66298
aca065a7.jpg,new_whale
acf29216.jpg,new_whale
ad2965b3.jpg,w_97f5054
ad422025.jpg,new_whale
ad60a163.jpg,new_whale
ad7075ab.jpg,new_whale
ad762454.jpg,new_whale
ada14748.jpg,new_whale
ada7f21a.jpg,new_whale
ada9a221.jpg,w_c6be61e
adb45a19.jpg,new_whale
ade41c73.jpg,new_whale
ae11a5f7.jpg,new_whale
ae2b10ab.jpg,new_whale
ae3a4ee0.jpg,w_43be268
ae4e3b17.jpg,new_whale
ae54b8fc.jpg,new_whale
ae8827fb.jpg,new_whale
ae8ce7d7.jpg,new_whale
ae9c9c23.jpg,new_whale
aeac1c97.jpg,new_whale
aebf04cb.jpg,new_whale
aecda44f.jpg,new_whale
aedd4703.jpg,new_whale
aee76d8f.jpg,new_whale
af2264cb.jpg,w_881f3c4
af3516d3.jpg,new_whale
af3d3a07.jpg,w_55647bd
afbe35e6.jpg,w_6c23fcc
afccacb7.jpg,new_whale
afff48fc.jpg,new_whale
afffc778.jpg,new_whale
b0416857.jpg,new_whale
b048c5cc.jpg,new_whale
b05b5085.jpg,new_whale
b0760a80.jpg,w_8a00b09
b077b4bb.jpg,new_whale
b0a6d9e9.jpg,w_29670e2
b119475f.jpg,new_whale
b11ff23d.jpg,new_whale
b128da65.jpg,w_7c7a78c
b130a152.jpg,new_whale
b133903c.jpg,new_whale
b14bee25.jpg,w_eea20c4
b14ef8f7.jpg,new_whale
b18f39de.jpg,new_whale
b1eda96c.jpg,new_whale
b1f76e67.jpg,new_whale
b206942c.jpg,new_whale
b2599955.jpg,new_whale
b2785d5a.jpg,new_whale
b2837b89.jpg,new_whale
b2a03cac.jpg,new_whale
b2c1713a.jpg,new_whale
b2c7bdef.jpg,new_whale
b2e96c22.jpg,new_whale
b2ed94b9.jpg,new_whale
b2f10c43.jpg,new_whale
b30f63d2.jpg,new_whale w_f7bf28d
b33b80de.jpg,new_whale
b3476874.jpg,new_whale
b34bf8c1.jpg,new_whale
b34d8d2a.jpg,new_whale
b3540fe5.jpg,w_abc2eda
b35f09a2.jpg,new_whale
b387316d.jpg,new_whale
b3892d2d.jpg,w_552a16e
b38ddcc5.jpg,new_whale w_6202983
b391e257.jpg,new_whale w_3fe1eb9
b39caf11.jpg,new_whale
b39f4633.jpg,new_whale
b3dd7ad4.jpg,new_whale
b3dff67c.jpg,new_whale
b401d911.jpg,new_whale
b4078fc3.jpg,new_whale
b437438f.jpg,new_whale
b4585903.jpg,new_whale
b45c347a.jpg,new_whale
b45ca28c.jpg,new_whale
b48ce13a.jpg,w_b6e6392
b49710b0.jpg,new_whale
b4b46d9f.jpg,w_532fb22
b4f7474b.jpg,new_whale
b4fe7d0e.jpg,new_whale
b54537e1.jpg,w_376a413
b5563c3b.jpg,w_4a7080a
b558ef5b.jpg,new_whale
b55b0019.jpg,new_whale
b56f2061.jpg,new_whale
b571c628.jpg,new_whale
b59143ed.jpg,new_whale
b5983cfb.jpg,new_whale
b5a61d42.jpg,w_cd65880
b5a6f605.jpg,new_whale
b5b0abe5.jpg,w_a80620a
b5e666c6.jpg,new_whale
b5ed7b89.jpg,new_whale
b602e173.jpg,new_whale
b6188d6c.jpg,new_whale
b6218f06.jpg,new_whale
b6244633.jpg,new_whale
b62ace45.jpg,new_whale
b62b3ce4.jpg,new_whale
b63dc01d.jpg,new_whale
b650f0de.jpg,new_whale
b660d195.jpg,new_whale
b6664b7f.jpg,new_whale
b668142c.jpg,new_whale
b668342c.jpg,new_whale
b66e1db9.jpg,w_ce29d2a
b6729120.jpg,new_whale
b6b7d6fc.jpg,new_whale
b6cad193.jpg,w_143b201
b6d741b9.jpg,new_whale
b6e8f518.jpg,new_whale
b6ed92db.jpg,new_whale
b70dcdbc.jpg,new_whale
b7106760.jpg,new_whale
b7162a9d.jpg,new_whale
b7388e74.jpg,w_1a70685
b73efbc8.jpg,new_whale
b74640fc.jpg,new_whale
b7506bac.jpg,w_1272a31
b75a4cc3.jpg,new_whale
b765b2ca.jpg,new_whale
b76d70c6.jpg,w_1ac4c38
b77bb94f.jpg,new_whale
b7be7dbb.jpg,new_whale
b7ee145f.jpg,w_f64658b
b7f0a998.jpg,new_whale
b7f6a0ce.jpg,new_whale
b80cad1a.jpg,new_whale
b83bce4b.jpg,new_whale
b8414b86.jpg,new_whale
b8a0d31d.jpg,new_whale
b8b61ab5.jpg,new_whale
b8de39c9.jpg,new_whale
b8e15237.jpg,new_whale
b8ed5d7f.jpg,new_whale
b90d170a.jpg,new_whale
b9361555.jpg,new_whale
b95d262d.jpg,new_whale
b9979509.jpg,new_whale
b9b87f28.jpg,new_whale
b9ba921f.jpg,new_whale
b9d7cb8d.jpg,new_whale w_49bbc79
b9da8232.jpg,new_whale
b9dccb2b.jpg,new_whale
ba03013d.jpg,new_whale
ba18418a.jpg,new_whale
ba3dff39.jpg,new_whale
ba49f50d.jpg,new_whale
ba5a4b33.jpg,new_whale
ba71dce2.jpg,new_whale
ba7548df.jpg,new_whale
bace0236.jpg,new_whale
bad30a30.jpg,new_whale
bae885e2.jpg,new_whale
bafc5b85.jpg,new_whale w_4848a3c
bb146299.jpg,w_1c2fb13
bb2249e2.jpg,new_whale
bb275a79.jpg,new_whale
bb2b7703.jpg,w_dcf2001
bb3e68cd.jpg,new_whale
bb50237b.jpg,new_whale
bb619570.jpg,new_whale
bb643a35.jpg,new_whale
bb8bae6b.jpg,new_whale
bba009aa.jpg,w_153645e
bbebe4b0.jpg,new_whale
bbf33b01.jpg,w_e1431ba
bbf9691d.jpg,new_whale
bbfcc03d.jpg,new_whale
bc29c5d3.jpg,new_whale
bc489745.jpg,new_whale
bc48f15f.jpg,new_whale
bc710675.jpg,new_whale
bc762259.jpg,new_whale
bc9dad99.jpg,new_whale
bc9eb0b4.jpg,new_whale
bcb1bb0b.jpg,new_whale
bcc6023f.jpg,new_whale
bcf61f63.jpg,new_whale
bcfda866.jpg,new_whale
bd1d5c9d.jpg,new_whale
bd26dddf.jpg,w_3565288
bd388ee0.jpg,new_whale
bd772a54.jpg,new_whale
bd7b04c1.jpg,new_whale
bd7db643.jpg,new_whale
bd902306.jpg,new_whale
bdac6918.jpg,new_whale
bdaedb10.jpg,w_af98182
bdcdb761.jpg,w_81b402a
bdd9865b.jpg,new_whale
be0934f0.jpg,new_whale
be1bc4f0.jpg,new_whale
be4e4a66.jpg,new_whale
be506dd8.jpg,new_whale
be54ca2d.jpg,new_whale
be9b80e4.jpg,new_whale
bead0b7e.jpg,new_whale
bec0023a.jpg,new_whale
bec7d327.jpg,new_whale
bed16309.jpg,new_whale
bef58671.jpg,new_whale
bf10387b.jpg,new_whale
bf229b5e.jpg,new_whale
bf31b641.jpg,new_whale
bf3b4ea7.jpg,new_whale
bf3c63e8.jpg,new_whale
bf3cc421.jpg,new_whale
bf4f8287.jpg,new_whale
bf5cdb38.jpg,new_whale
bf5e5ff6.jpg,w_8d83172
bf680d1a.jpg,new_whale w_fd1cb9d
bf956b67.jpg,new_whale
bfb47ad9.jpg,new_whale
bfd99b03.jpg,new_whale
c02c97df.jpg,new_whale
c0317da9.jpg,w_f18df18
c046f500.jpg,new_whale
c047ba8e.jpg,new_whale
c04fb664.jpg,new_whale
c05585d8.jpg,w_3172910
c055932c.jpg,new_whale
c056b0c7.jpg,new_whale
c0597a1b.jpg,new_whale
c0876efa.jpg,new_whale
c0a0db35.jpg,new_whale w_4a3032d
c0ca9eda.jpg,new_whale
c0d44c6a.jpg,new_whale
c0d7bfe6.jpg,new_whale
c0e0399c.jpg,w_ecb9a79
c0f7174f.jpg,new_whale
c0fef7c6.jpg,new_whale
c1000a76.jpg,new_whale
c10b1ad6.jpg,new_whale
c10ca95a.jpg,new_whale
c110fcc4.jpg,new_whale
c11b57af.jpg,new_whale
c1373688.jpg,new_whale
c14461e4.jpg,w_23cd105
c152e3cd.jpg,new_whale
c1863f50.jpg,new_whale
c1b4a98c.jpg,new_whale
c1e8256b.jpg,new_whale
c1ec42f9.jpg,new_whale
c204f003.jpg,new_whale
c22806fd.jpg,new_whale
c22c8dff.jpg,new_whale
c269370b.jpg,new_whale
c28b1f8e.jpg,new_whale
c292553f.jpg,new_whale
c2c1e399.jpg,new_whale
c2d76c35.jpg,new_whale
c3043a50.jpg,new_whale
c31e3d5e.jpg,new_whale
c32f903c.jpg,new_whale
c338aa58.jpg,new_whale
c33fff9f.jpg,new_whale
c37ba20a.jpg,new_whale
c39bf18b.jpg,new_whale
c3c4e817.jpg,new_whale
c3cdb097.jpg,new_whale
c3ebd20d.jpg,new_whale
c3ebfe7a.jpg,w_d94db94
c3ec52ae.jpg,new_whale
c42ce425.jpg,new_whale
c441d873.jpg,new_whale
c44ace8c.jpg,new_whale
c4625979.jpg,new_whale
c468c2a1.jpg,w_238bbbf
c4a57b96.jpg,new_whale
c4b3adde.jpg,new_whale w_6871147 w_cc759cd
c4bdf41c.jpg,new_whale
c4d35c2f.jpg,w_fc433f7
c4d3cb85.jpg,w_17ee910
c4dd54c9.jpg,new_whale
c51a443c.jpg,w_2fdf63b w_e2e56e9
c520cf5b.jpg,new_whale
c523ccba.jpg,new_whale
c5316f5d.jpg,w_6710cf8
c53a8db0.jpg,new_whale
c54793c9.jpg,new_whale
c5531ea1.jpg,new_whale
c55a35a7.jpg,new_whale
c5659087.jpg,new_whale
c59094a3.jpg,new_whale
c598d367.jpg,new_whale
c5ac500b.jpg,new_whale
c5c95cb9.jpg,new_whale
c5cc7c9a.jpg,new_whale
c5e96c12.jpg,new_whale
c63a04c2.jpg,new_whale
c66f7a1c.jpg,new_whale
c673029d.jpg,new_whale
c6828f57.jpg,new_whale
c6aac43e.jpg,new_whale
c6be7bda.jpg,new_whale
c6cebbed.jpg,new_whale
c6e8250b.jpg,new_whale
c6eb99e8.jpg,new_whale
c6ef92f5.jpg,new_whale
c71b97fc.jpg,new_whale
c72b9240.jpg,new_whale w_7554f44
c73f158b.jpg,new_whale
c74e01e3.jpg,new_whale
c75b1457.jpg,new_whale
c775bb99.jpg,w_9b401eb
c779125a.jpg,w_f4e0748
c77cf243.jpg,new_whale
c77e7d83.jpg,new_whale
c77f6739.jpg,w_4e54fac
c790ce8a.jpg,new_whale
c7b31a6f.jpg,new_whale
c7bc8715.jpg,new_whale
c7cf8f2c.jpg,new_whale
c7fac325.jpg,new_whale
c7fdd7a0.jpg,new_whale
c8109c31.jpg,new_whale
c814b4b0.jpg,new_whale
c8419f56.jpg,new_whale
c853f279.jpg,new_whale
c87e542b.jpg,new_whale
c88984b6.jpg,w_a14d6d8
c8a160ba.jpg,new_whale w_c5f9e78
c8b522c5.jpg,new_whale
c8ba581a.jpg,new_whale
c8bf8015.jpg,new_whale
c8c96e7d.jpg,new_whale
c8d2662a.jpg,new_whale
c93794ca.jpg,new_whale
c959bd40.jpg,new_whale
c96a3dc4.jpg,new_whale
c979826e.jpg,new_whale
c9c040e9.jpg,new_whale
c9c0c8e0.jpg,w_490c8a0
ca530692.jpg,new_whale
ca5e7616.jpg,new_whale
ca619f83.jpg,new_whale
ca832ba3.jpg,new_whale
ca84686c.jpg,new_whale
ca8fd904.jpg,w_2fd21ec
ca98bdb2.jpg,new_whale
ca9a50d5.jpg,new_whale w_b9e00eb
caabfbfa.jpg,new_whale
cab03664.jpg,w_70a31ce
cada85f4.jpg,new_whale
caee59c4.jpg,new_whale
caeed899.jpg,new_whale
cafcf1e6.jpg,new_whale
cb0a1771.jpg,new_whale
cb1bdc34.jpg,new_whale
cb4eaa73.jpg,new_whale
cb69dff8.jpg,w_53f48f6
cb6f7a9c.jpg,new_whale
cb871f3b.jpg,new_whale
cbaa8714.jpg,w_8643ba3
cbd5ac86.jpg,new_whale
cbf2fc82.jpg,new_whale
cbf35d13.jpg,new_whale
cc0716bc.jpg,new_whale
cc301413.jpg,new_whale
cc46eb3e.jpg,new_whale
cc5697ce.jpg,new_whale
cc6f37df.jpg,new_whale
cc78ceb6.jpg,new_whale
cc813b32.jpg,w_69f4311
cc9eee84.jpg,new_whale
ccd7f009.jpg,new_whale
cd0d6a44.jpg,new_whale w_330286e
cd25340c.jpg,w_0408054
cd316c62.jpg,new_whale
cd36e285.jpg,new_whale
cd3ed013.jpg,new_whale
cd474bfc.jpg,new_whale
cd48ad90.jpg,new_whale
cd4bec30.jpg,new_whale
cd4ff833.jpg,w_0d39a68
cd5bdbf1.jpg,new_whale
cd72a780.jpg,w_fc7cc24
cd72c9c4.jpg,new_whale
cd905f11.jpg,w_6c899ff
cda4652b.jpg,w_9c5ed68
cdda6b5a.jpg,w_9e1e278
cdf0ef44.jpg,new_whale
cdf41933.jpg,new_whale
ce32ad73.jpg,new_whale
ce4ad6ea.jpg,new_whale
ce4b73b3.jpg,new_whale
ce531f11.jpg,new_whale
ce84b19e.jpg,new_whale
ce920072.jpg,w_693c9ee
cea7c2f3.jpg,new_whale
ceaa37ba.jpg,new_whale
ceb127eb.jpg,new_whale
ced030db.jpg,new_whale
cee824cf.jpg,new_whale
cf20d93d.jpg,w_9496577
cf2aa502.jpg,w_c529cf1
cf2d09a4.jpg,w_5ba417d
cf2d2f49.jpg,new_whale
cf3fe8ed.jpg,new_whale
cf6c34ad.jpg,new_whale
cfb5a337.jpg,new_whale
cfd6e3a1.jpg,new_whale w_0e737d0
cff871dc.jpg,new_whale w_f208155
d01e1f7d.jpg,new_whale
d037284c.jpg,new_whale
d03fbdbb.jpg,new_whale
d04c18c7.jpg,w_fc7cc24
d0592246.jpg,new_whale
d05d867f.jpg,w_89e159a
d08a1ee0.jpg,new_whale
d094c3b7.jpg,new_whale
d0ac21a9.jpg,new_whale
d0ae139b.jpg,new_whale
d0b651cb.jpg,new_whale
d0c1bea7.jpg,new_whale
d0d5448b.jpg,new_whale
d0e30f09.jpg,new_whale
d0f3d444.jpg,new_whale
d0f3d5bc.jpg,new_whale
d1293237.jpg,new_whale
d1585241.jpg,new_whale
d1863c13.jpg,w_3de676c
d190d916.jpg,new_whale
d1a27b01.jpg,new_whale
d1c43711.jpg,new_whale
d208c8aa.jpg,new_whale
d20b3ede.jpg,new_whale
d213fff0.jpg,new_whale
d23ee7cd.jpg,w_b0e05b1
d245a567.jpg,new_whale
d2541f84.jpg,new_whale
d2771a03.jpg,new_whale
d2790ee7.jpg,new_whale
d3225aa0.jpg,new_whale
d3499618.jpg,new_whale w_d7d60f9
d36c51a6.jpg,new_whale
d38ed9ef.jpg,new_whale
d3c5b113.jpg,new_whale
d3c80b06.jpg,new_whale
d3cf7753.jpg,w_89e159a
d3fd282f.jpg,w_3320e76
d443cb99.jpg,new_whale
d4467e68.jpg,w_9a0c14d
d448c47d.jpg,new_whale
d4660728.jpg,w_c0560ac
d4bb64b9.jpg,new_whale
d4bb6cef.jpg,w_4f6fabd
d4cc2295.jpg,w_243e33e
d4d9cd26.jpg,new_whale
d4e271b6.jpg,new_whale
d4f41bb7.jpg,w_c9111ac
d52d4760.jpg,new_whale
d53afcc9.jpg,new_whale
d53fda5e.jpg,new_whale
d5591b46.jpg,new_whale
d563520c.jpg,new_whale
d5cd1cf6.jpg,new_whale
d5ed917f.jpg,new_whale
d64b7034.jpg,new_whale
d673c06e.jpg,new_whale
d6810576.jpg,new_whale
d688f172.jpg,new_whale
d6894e74.jpg,new_whale
d68cbf9d.jpg,new_whale
d6ae5f4e.jpg,new_whale
d6d6617b.jpg,new_whale
d6d87704.jpg,new_whale w_4e52a49
d6eee867.jpg,new_whale
d7108439.jpg,new_whale
d7417c14.jpg,new_whale
d758e8fe.jpg,new_whale
d77f2bae.jpg,new_whale
d79ffcb9.jpg,new_whale
d7b0dcb7.jpg,new_whale
d7e142a3.jpg,new_whale
d83605e3.jpg,new_whale
d876af41.jpg,new_whale
d8873404.jpg,new_whale
d8a51e11.jpg,new_whale
d8a97653.jpg,new_whale
d8ac7170.jpg,new_whale
d8c2f203.jpg,new_whale
d8cc22d9.jpg,w_62f299e
d8d3ddba.jpg,new_whale
d9080f26.jpg,new_whale
d90de498.jpg,new_whale
d9127fd3.jpg,new_whale w_a59905f
d9327922.jpg,new_whale
d93be194.jpg,new_whale
d943fd51.jpg,new_whale
d955f83d.jpg,new_whale
d96474de.jpg,w_6547e12
d989c020.jpg,new_whale
d9b6419f.jpg,new_whale
d9baf73d.jpg,new_whale
d9ef55be.jpg,new_whale
da13e63b.jpg,new_whale
da3a722c.jpg,new_whale
da43c524.jpg,new_whale
da525ab0.jpg,new_whale
da6e9eb8.jpg,w_505a141
da7ca602.jpg,w_e0f1df1
da7f4fdb.jpg,w_89973e5
da9d074f.jpg,new_whale
da9d7263.jpg,new_whale
dae86182.jpg,new_whale
db0247c3.jpg,new_whale
db156097.jpg,new_whale
db18258d.jpg,w_798bf53
db2febd0.jpg,new_whale
db4b1189.jpg,new_whale
db4c1e42.jpg,new_whale
db6d89d1.jpg,new_whale
db7c2abc.jpg,new_whale
db85cd11.jpg,new_whale
db8d2ec0.jpg,new_whale
db945c64.jpg,new_whale
db9567d3.jpg,new_whale
db967269.jpg,new_whale
dbbcc754.jpg,new_whale
dbc80cc7.jpg,w_d6e437d
dbd10696.jpg,new_whale
dbd61d07.jpg,new_whale
dbe7cce5.jpg,new_whale
dbe9a507.jpg,new_whale
dbf3d520.jpg,new_whale
dc05f424.jpg,new_whale
dc1f9ee7.jpg,new_whale
dc2d7341.jpg,new_whale
dc462aee.jpg,new_whale
dc4b3f14.jpg,new_whale
dc587b91.jpg,new_whale
dc649b21.jpg,new_whale
dc9473c9.jpg,w_5f68f56
dcdbf5b0.jpg,new_whale
dce8a585.jpg,new_whale
dd0db063.jpg,new_whale
dd2a1035.jpg,w_6e47e0e
dd31158b.jpg,new_whale
dd394aa9.jpg,new_whale
dd3ef64f.jpg,new_whale
dd48e070.jpg,new_whale
dd649761.jpg,new_whale
dda00fe5.jpg,new_whale
ddb4e88d.jpg,new_whale
ddc1bbba.jpg,new_whale
ddc2b22a.jpg,new_whale
ddd28412.jpg,w_a3c6ed0
de048131.jpg,new_whale
de098549.jpg,w_07616fd
de3309db.jpg,new_whale
de4a6b63.jpg,new_whale
de5378bc.jpg,new_whale
de6e20e7.jpg,new_whale
de7da5c2.jpg,new_whale
de86be93.jpg,new_whale
de92c4fa.jpg,new_whale
deb23bc1.jpg,new_whale w_59eb8ae
dee21e9f.jpg,new_whale
deea8c19.jpg,new_whale
df1289a7.jpg,new_whale
df1ac5ef.jpg,new_whale
df3752a8.jpg,new_whale
df3a2bda.jpg,new_whale
df4d96a1.jpg,new_whale
dfcbfcca.jpg,new_whale
dfcecd08.jpg,new_whale
dff182ea.jpg,new_whale
e013c343.jpg,new_whale
e01c542c.jpg,new_whale
e05581c0.jpg,new_whale w_53064a6
e0a5766a.jpg,new_whale
e0a6de89.jpg,new_whale
e0ac04e3.jpg,new_whale
e0ebee1b.jpg,new_whale
e0fd4056.jpg,new_whale
e106c476.jpg,new_whale
e10906cf.jpg,new_whale
e1159e3d.jpg,w_cc5fae7
e12457fb.jpg,new_whale
e152fa6f.jpg,new_whale
e177f396.jpg,new_whale
e18d41d9.jpg,new_whale
e1a7acab.jpg,new_whale
e1eb1a48.jpg,new_whale
e1f1a336.jpg,new_whale
e1f9ffee.jpg,w_1d0e29a
e20eecfb.jpg,new_whale
e21bb758.jpg,new_whale
e22043d8.jpg,new_whale
e2368ee7.jpg,new_whale
e23cb39e.jpg,new_whale
e247e25d.jpg,new_whale
e261399a.jpg,w_3d66298
e2822a29.jpg,new_whale
e2ac0e08.jpg,new_whale
e2ac38fa.jpg,new_whale
e2c8597c.jpg,new_whale
e2ca6095.jpg,new_whale
e31d9146.jpg,new_whale
e3333016.jpg,new_whale
e34a2318.jpg,new_whale
e34d3ca6.jpg,new_whale
e3576159.jpg,new_whale
e378438c.jpg,new_whale
e37dc3f9.jpg,w_532fb22
e381a3f5.jpg,new_whale
e38844b7.jpg,new_whale
e3a14b02.jpg,new_whale
e3d1a5ff.jpg,new_whale
e3d21b29.jpg,new_whale
e3dd292f.jpg,new_whale
e3e39211.jpg,w_a19eecd
e3e7b8c1.jpg,new_whale
e4211022.jpg,new_whale
e4284977.jpg,new_whale
e42be8c9.jpg,new_whale
e48f556b.jpg,new_whale
e4b6a768.jpg,w_febafc1
e4c5ccc2.jpg,new_whale
e4d6de44.jpg,new_whale
e5069754.jpg,new_whale
e512a3ef.jpg,new_whale
e52e3b77.jpg,new_whale
e53a4861.jpg,new_whale
e5437846.jpg,new_whale
e5b9d241.jpg,new_whale
e5df15c3.jpg,new_whale
e5e50ad1.jpg,new_whale
e614a7c8.jpg,new_whale
e6185eb2.jpg,new_whale
e626047f.jpg,new_whale
e63003b8.jpg,new_whale
e6638231.jpg,new_whale
e668e733.jpg,w_d3ce445
e66ab58e.jpg,new_whale
e6790285.jpg,new_whale
e67bc4df.jpg,new_whale
e6afeaf6.jpg,new_whale
e6bf93b9.jpg,new_whale
e6bfaba0.jpg,new_whale w_44a6b62
e6d6bd0f.jpg,new_whale
e70a8376.jpg,new_whale
e731f82d.jpg,new_whale
e74ed7ac.jpg,new_whale
e770a1b8.jpg,new_whale
e77125f1.jpg,new_whale
e7ad9817.jpg,new_whale
e7af742a.jpg,new_whale
e7b23328.jpg,new_whale
e7b5823d.jpg,new_whale
e7c9e5aa.jpg,new_whale
e8181ae8.jpg,new_whale
e830b2dd.jpg,new_whale
e871d82d.jpg,new_whale
e88d682a.jpg,new_whale
e8935343.jpg,new_whale
e8a2a4cb.jpg,new_whale
e8cf61d4.jpg,w_7311fe4
e8edb481.jpg,new_whale
e8fef128.jpg,new_whale
e902c27b.jpg,new_whale
e9199e82.jpg,new_whale
e927f721.jpg,new_whale
e92e9b2d.jpg,new_whale
e93df57f.jpg,new_whale
e978a654.jpg,new_whale
e9ce37f8.jpg,new_whale
ea1bed2b.jpg,new_whale
ea433bf0.jpg,new_whale w_cae7677
ea48387f.jpg,new_whale
ea4894b7.jpg,new_whale
ea503347.jpg,new_whale
ea59d34b.jpg,w_67de30b
ea6e545c.jpg,new_whale
ea7263e1.jpg,new_whale
ea83923e.jpg,new_whale w_4643de5
eabf0b6f.jpg,new_whale
eac22ff0.jpg,new_whale
eac76c05.jpg,new_whale
eaf93d6e.jpg,new_whale
eb113c7f.jpg,new_whale
eb15e0c6.jpg,w_831f124
eb4f175f.jpg,new_whale
eb63b9b5.jpg,new_whale
eb71a504.jpg,new_whale
eb7a628f.jpg,new_whale
eb80c686.jpg,new_whale
eb80cd88.jpg,new_whale
eb9220e7.jpg,new_whale
eb9473f3.jpg,new_whale
eb9db7c4.jpg,new_whale
eba60f18.jpg,new_whale
ebf1185f.jpg,new_whale
ec007f40.jpg,new_whale
ec0f071c.jpg,new_whale
ec396268.jpg,new_whale
ec546ed2.jpg,new_whale
ec5f523a.jpg,new_whale
ec6d858a.jpg,new_whale
ec807b7f.jpg,new_whale
ec93b81c.jpg,new_whale
ec98fd83.jpg,new_whale
ec9ceeb8.jpg,new_whale
ecbe57da.jpg,new_whale
eccac840.jpg,new_whale
ed17205b.jpg,new_whale
ed2db5ae.jpg,new_whale
ed309823.jpg,new_whale
ed766b22.jpg,new_whale
ed94d2ec.jpg,new_whale
eda03f9e.jpg,new_whale
edac14c7.jpg,new_whale
edcc6d78.jpg,new_whale
ee05728a.jpg,new_whale
ee328ef8.jpg,new_whale
ee4b0cc1.jpg,new_whale
ee5c67b1.jpg,new_whale
ee6fd7fc.jpg,new_whale
ee91640c.jpg,new_whale
eea9b24b.jpg,new_whale
eeeb4e3c.jpg,new_whale
eeffa31a.jpg,new_whale
ef3f772d.jpg,new_whale
ef499a29.jpg,new_whale
ef63966c.jpg,new_whale
ef739a2c.jpg,new_whale
ef827bb0.jpg,new_whale
ef979ebd.jpg,new_whale
efa06b96.jpg,new_whale
efd7a3a1.jpg,new_whale
efd810e1.jpg,w_31d3999
efdf8b82.jpg,new_whale
f002012a.jpg,w_ffcd98e
f01ec58c.jpg,new_whale
f0279b50.jpg,new_whale
f02dfe66.jpg,new_whale
f03b435a.jpg,new_whale
f0500434.jpg,new_whale
f0526414.jpg,w_d2b4956
f052d290.jpg,new_whale w_e826a6f
f06c457d.jpg,w_2ceab05
f0785e1d.jpg,new_whale
f08b5d0a.jpg,new_whale
f08f6cd4.jpg,new_whale
f093aae6.jpg,w_95874a5
f0b9b699.jpg,new_whale
f0f9090a.jpg,new_whale
f0fe7c42.jpg,new_whale
f159807d.jpg,new_whale
f161e674.jpg,new_whale
f16340e5.jpg,new_whale
f182826c.jpg,new_whale
f18a0851.jpg,new_whale
f1aa3c8c.jpg,new_whale
f1b3a4fa.jpg,new_whale
f1c12865.jpg,new_whale
f1d17c5a.jpg,new_whale
f1dde9a6.jpg,new_whale
f20da714.jpg,new_whale w_2fe43c7
f212f5c8.jpg,new_whale
f22b0a53.jpg,new_whale
f22f43d7.jpg,new_whale
f23033a3.jpg,new_whale
f2895dd2.jpg,new_whale
f28a59e5.jpg,new_whale
f2acfbe4.jpg,new_whale
f2c2f6a5.jpg,w_eb0a6ed
f2dd4db0.jpg,new_whale
f2f57c00.jpg,w_b5e3076
f2fd08db.jpg,new_whale
f30f7b06.jpg,w_97982cf
f36caa50.jpg,new_whale
f38023f9.jpg,w_53859b2
f384e66a.jpg,w_96c141f
f38ba101.jpg,new_whale
f3a4ec19.jpg,new_whale
f3a835ac.jpg,w_0d39a68
f3b0988d.jpg,new_whale
f3d633e0.jpg,new_whale
f3d65e8f.jpg,w_e3c1ec4
f3eb3a1b.jpg,new_whale
f40dcf2f.jpg,w_fba3bde
f45aaa1a.jpg,new_whale
f45e2fe0.jpg,new_whale
f472f839.jpg,new_whale
f480dfa4.jpg,new_whale
f48653e0.jpg,new_whale
f4958f60.jpg,new_whale
f4c0e2df.jpg,new_whale
f4f14576.jpg,new_whale
f5287d24.jpg,new_whale
f52de50b.jpg,new_whale
f5440621.jpg,new_whale
f5528a07.jpg,new_whale
f560fe77.jpg,new_whale
f5b883ba.jpg,new_whale
f5be8294.jpg,new_whale
f5c2a89e.jpg,new_whale
f5c65ef1.jpg,new_whale
f5d85682.jpg,new_whale
f5dab085.jpg,new_whale
f5e9239d.jpg,new_whale
f62433a1.jpg,new_whale
f624c1e3.jpg,new_whale
f6289db9.jpg,new_whale
f629602e.jpg,new_whale
f629abd2.jpg,new_whale
f62c11e5.jpg,new_whale
f6594529.jpg,new_whale
f6b0164f.jpg,new_whale
f70101df.jpg,w_18eee6e
f7019c16.jpg,new_whale
f712b4a6.jpg,new_whale
f7130528.jpg,new_whale
f71bc5ab.jpg,new_whale
f72e9538.jpg,new_whale
f75b510f.jpg,new_whale
f76913c9.jpg,new_whale
f7cdee8a.jpg,new_whale
f7d20855.jpg,new_whale
f7d36111.jpg,new_whale
f80996bd.jpg,new_whale
f813f4fa.jpg,new_whale
f818acdb.jpg,new_whale
f82fc46c.jpg,new_whale
f84e6ff2.jpg,new_whale
f85b3f04.jpg,new_whale
f85c3c55.jpg,w_a91600a
f86f8575.jpg,new_whale
f88134d8.jpg,new_whale
f8999c11.jpg,w_b678944
f8bc2806.jpg,new_whale
f8d40c10.jpg,new_whale
f8fd0f96.jpg,new_whale
f92acf1f.jpg,w_896023f
f935ab99.jpg,new_whale
f93c44d4.jpg,new_whale
f9642a6b.jpg,w_7cca153
f976768d.jpg,new_whale
f98f2db3.jpg,new_whale
f9b61ffa.jpg,new_whale
f9f1035c.jpg,new_whale
fa037927.jpg,new_whale
fa03be5d.jpg,new_whale
fa1ba2b4.jpg,new_whale
fa31e182.jpg,new_whale
fa356f10.jpg,new_whale
fa484acf.jpg,new_whale
fa6cd423.jpg,new_whale
fa968b5a.jpg,new_whale
fac12ace.jpg,new_whale
fae3e38d.jpg,w_71e6583
fb23f29a.jpg,new_whale
fb2527fc.jpg,new_whale
fb5ca200.jpg,new_whale
fb63fbd5.jpg,new_whale
fb7bf79b.jpg,new_whale
fb7c826b.jpg,w_e55a554
fbb7c374.jpg,new_whale
fbc44bef.jpg,new_whale
fbce0498.jpg,new_whale
fbd43a19.jpg,new_whale
fbed8313.jpg,new_whale
fc0a0a0b.jpg,new_whale
fc19f803.jpg,new_whale
fc4425f0.jpg,new_whale
fc4ec798.jpg,new_whale
fc840a55.jpg,new_whale
fca4de50.jpg,new_whale
fcbb962e.jpg,w_96b697f
fcc8db36.jpg,w_64f3545
fd3fb596.jpg,w_d3c8520
fd46c576.jpg,w_3feb2df
fd508ca8.jpg,new_whale
fd6cd10b.jpg,new_whale
fd803e52.jpg,new_whale
fd851f16.jpg,new_whale
fd99a8df.jpg,new_whale
fdbac4d7.jpg,new_whale
fdd2643d.jpg,new_whale
fde03374.jpg,new_whale
fe165f3d.jpg,new_whale
fe202a52.jpg,new_whale
fe2fc5f5.jpg,new_whale
fe53a4dc.jpg,new_whale
fe858c4f.jpg,new_whale
fe98dd70.jpg,new_whale
fea0f59f.jpg,new_whale
fea5197b.jpg,w_824f286
fec131b4.jpg,w_5e57e8b
fec35fb2.jpg,new_whale
fed6da1e.jpg,new_whale
fefaae7b.jpg,w_b942708
ff0181fd.jpg,new_whale
ff355c05.jpg,new_whale
ff416de9.jpg,new_whale
ff4ed0f6.jpg,new_whale
ffaf32aa.jpg,new_whale w_dbda0d6
ffc3c010.jpg,new_whale
ffce38d1.jpg,new_whale
ffeb7e0b.jpg,new_whale
fff31d26.jpg,w_6d4dedc
